visitorID,sessionID,timestamp,IV.CON.var0.0,IV.CON.var1.1,IV.CON.var2.2,IV.CON.var3.3,IV.CON.var4.4,IV.CON.var5.5,IV.CON.var6.6,IV.CON.var7.7,IV.CON.var8.8,IV.CON.var9.9,IV.CON.var10.10,IV.CON.var11.11,IV.CON.var12.12,IV.CON.var13.13,IV.CON.var14.14,IV.CON.var15.15,IV.CON.var16.16,IV.CON.var17.17,IV.CON.var18.18,IV.CON.var19.19,IV.CON.var20.20,IV.CON.var21.21,IV.CON.var22.22,IV.CON.var23.23,IV.CON.var24.24,IV.CON.var25.25,IV.CON.var26.26,IV.CON.var27.27,IV.CON.var28.28,IV.CON.var29.29,IV.CON.var30.30,IV.CON.var31.31,IV.CON.var32.32,IV.CON.var33.33,IV.CON.var34.34,IV.CON.var35.35,IV.CON.var36.36,IV.CON.var37.37,IV.CON.var38.38,IV.CON.var39.39,IV.CON.var40.40,IV.CON.var41.41,IV.CON.var42.42,IV.CON.var43.43,IV.CON.var44.44,IV.CON.var45.45,IV.CON.var46.46,IV.CON.var47.47,IV.CON.var48.48,IV.CON.var49.49,IV.CON.var50.50,IV.CON.var51.51,IV.CON.var52.52,IV.CON.var53.53,IV.CON.var54.54,IV.CON.var55.55,IV.CON.var56.56,IV.CON.var57.57,IV.CON.var58.58,IV.CON.var59.59,IV.CON.var60.60,IV.CON.var61.61,IV.CON.var62.62,IV.CON.var63.63,IV.CON.var64.64,IV.CON.var65.65,IV.CON.var66.66,IV.CON.var67.67,IV.CON.var68.68,IV.CON.var69.69,IV.CON.var70.70,IV.CON.var71.71,IV.CON.var72.72,IV.CON.var73.73,IV.CON.var74.74,IV.CON.var75.75,IV.CON.var76.76,IV.CON.var77.77,IV.CON.var78.78,IV.CON.var79.79,IV.CON.var80.80,IV.CON.var81.81,IV.CON.var82.82,IV.CON.var83.83,IV.CON.var84.84,IV.CON.var85.85,IV.CON.var86.86,IV.CON.var87.87,IV.CON.var88.88,IV.CON.var89.89,IV.CON.var90.90,IV.CON.var91.91,IV.CON.var92.92,IV.CON.var93.93,IV.CON.var94.94,IV.CON.var95.95,IV.CON.var96.96,IV.CON.var97.97,IV.CON.var98.98,IV.NOM.var218.218,IV.NOM.var219.219,IV.NOM.var220.220,IV.NOM.var221.221,IV.NOM.var222.222,IV.NOM.var223.223,IV.NOM.var224.224,IV.NOM.var225.225,IV.NOM.var226.226,IV.NOM.var227.227,IV.NOM.var228.228,IV.NOM.var229.229,IV.NOM.var230.230,IV.NOM.var231.231,IV.NOM.var232.232,IV.NOM.var233.233,IV.NOM.var234.234,IV.NOM.var235.235,IV.NOM.var236.236,IV.NOM.var237.237,cid,Click-through
00000000-0000-0000-0000-000000000000,00000000-0000-0000-0000-000000000000,1246294470838,738.0,1280.0,null,null,1.2726440495378103E-45,0.0,7.902613951448806E-46,0.0,-4.0,1.2662029169357422E-45,0.0,0.0,7.70728421491543E-46,0.0,8.31251955274682E-46,0.0,6.190514847709202E-46,0.0,2.7483490366242435E-46,5.276644602649975E-46,0.0,9.778113477266368E-46,0.0,0.0,9.016673867577076E-46,0.0,32.0,0.0,0.0,1.3760136174825108E-45,0.0,1.2457509790447222E-45,0.0,0.0,6.620113805151642E-46,0.0,0.0,7.686656337876674E-46,0.0,7.396792930543604E-46,0.0,0.0,null,0.0,7.28783666993509E-46,0.0,0.0,38.0,0.0,1.3676707700188221E-45,0.0,1.3778940980109961E-45,0.0,1.2143624325171738E-45,0.0,15.0,3.0,null,null,0.0,3.862716036944931E-46,1.93233943890472E-45,0.0,7.256705069059333E-48,0.0,4.0810431856891184E-46,0.0,0.0,1.1640904889115637E-45,0.0,1.3972959419564641E-46,0.0,0.8083335101105465,32.0,2.30440077292188E-46,0.0,1.2917647676450734E-45,0.0,9.888298201201794E-46,0.0,5.080470033349583E-46,0.0,5.357445682232735E-46,0.0,1.1711682484833356E-45,0.0,0.0,1.0287686487078564E-45,0.0,1.2148818148629703E-45,0.0,769.0,1281.0,3.7407495939059566E-46,0.0,16.0,139.0,null,null,val0,val0,val0,val0,val0,val0,val0,val0,val0,val0,val0,val0,val0,val0,val0,val0,val0,val0,val0,val0,5,1
00000000-0000-0001-0000-000000000000,00000000-0000-0000-0000-000000000001,1246301316901,738.0,1280.0,null,null,1.2794482805495514E-45,0.0,8.275765459891181E-47,0.0,-4.0,8.907890807934589E-46,0.0,0.0,7.273525743111512E-46,0.0,4.122133309054082E-46,0.0,1.046104384063165E-45,0.0,5.166988425207611E-46,1.927427318359398E-46,0.0,9.19089390490299E-46,0.0,0.0,1.25989817717779E-45,0.0,39.0,0.0,0.0,7.93853949531327E-46,0.0,2.9251072904646698E-46,0.0,0.0,1.3183765458013741E-45,0.0,0.0,1.3094597936367003E-45,0.0,6.8932259114304294E-46,0.0,0.0,null,0.0,1.8281381594123893E-46,0.0,0.0,30.0,0.0,7.56568025337876E-48,0.0,9.361291460705354E-46,0.0,6.3797654854590144E-46,0.0,15.0,3.0,null,null,0.0,1.2498396797982103E-45,6.602832032253568E-46,0.0,7.666965748948567E-46,0.0,2.5445975608875696E-47,0.0,0.0,6.8492049778712486E-46,0.0,5.655568108466743E-46,0.0,0.6567858899424177,27.0,1.2989828108063718E-45,0.0,1.2320057960010674E-45,0.0,5.775294483974402E-46,0.0,1.3800695952090365E-45,0.0,9.958230910371985E-46,0.0,1.3211548870885147E-45,0.0,0.0,8.838525670601528E-46,0.0,1.6129660832264904E-47,0.0,770.0,1281.0,1.0660984652291074E-45,0.0,19.0,119.0,null,null,val1,val0,val1,val0,val0,val0,val0,val0,val0,val0,val0,val0,val0,val0,val0,val0,val1,val0,val0,val1,3,0
00000000-0000-0002-0000-000000000000,00000000-0000-0000-0000-000000000002,1246304928776,738.0,1280.0,null,null,1.2670957245283218E-45,0.0,9.468376063731618E-46,0.0,-4.0,2.024901519137821E-46,0.0,0.0,7.19410860852982E-46,0.0,1.1751942549926814E-45,0.0,1.0814150439756105E-45,0.0,2.886610281826046E-46,3.7166325372905725E-46,0.0,1.2381829901984189E-45,0.0,0.0,8.99088728094512E-46,0.0,32.0,0.0,0.0,1.2062554923003424E-45,0.0,1.1070613909221566E-45,0.0,0.0,8.754918101128676E-47,0.0,0.0,1.9652367694378785E-46,0.0,2.7266000284078588E-46,0.0,0.0,null,0.0,6.4297535665710676E-46,0.0,0.0,34.0,0.0,1.0328908840180118E-45,0.0,4.5391949113464795E-46,0.0,8.729175116152595E-46,0.0,15.0,3.0,null,null,0.0,9.168637307916182E-46,7.238811327296261E-46,0.0,1.838443809082921E-46,0.0,1.3566345879689207E-45,0.0,0.0,6.7373054941253935E-46,0.0,5.015218584227155E-46,0.0,0.578847559743059,25.0,3.933377927876939E-46,0.0,3.1672310980304986E-48,0.0,5.22214116487505E-48,0.0,2.7269114474130133E-46,0.0,1.2902762060316314E-45,0.0,8.06226061396366E-46,0.0,0.0,1.691184880919538E-46,0.0,1.3989651370989068E-45,0.0,770.0,1280.0,1.5155881186388077E-46,0.0,18.0,135.0,null,null,val1,val0,val2,val0,val0,val0,val0,val0,val0,val0,val0,val0,val0,val0,val0,val0,val2,val0,val0,val2,3,0
00000000-0000-0003-0000-000000000000,00000000-0000-0000-0000-000000000003,1246309004731,912.0,1280.0,null,null,4.95469859530584E-46,0.0,1.7159968490762478E-46,0.0,-4.0,4.9762626790829436E-46,0.0,0.0,5.930539148911134E-46,0.0,6.538665929457271E-46,0.0,1.0986118343766228E-45,0.0,8.159041789745007E-46,9.431284819276313E-46,0.0,1.244106545024441E-45,0.0,0.0,1.260365240710887E-45,0.0,34.0,0.0,0.0,8.118806488087543E-46,0.0,5.4958150025241265E-46,0.0,0.0,4.2126358493359636E-46,0.0,0.0,3.510966458267604E-47,0.0,3.909516215627426E-46,0.0,0.0,null,0.0,7.755110923246482E-46,0.0,0.0,139.0,0.0,3.519935985807873E-46,0.0,2.3612390435229212E-46,0.0,9.689445889348266E-46,0.0,23.0,4.0,null,null,0.0,1.57361331052488E-46,1.939758771564101E-45,0.0,4.755641413850265E-46,0.0,6.0005350772162835E-46,0.0,0.0,4.8324639468838625E-46,0.0,2.2969985680795235E-46,0.0,3.635449329685857E-46,0.0,3.1543615626859494E-46,0.0,1.0685806509858275E-45,0.0,1.0178825107247469E-45,0.0,9.33774465460651E-46,0.0,5.156365523525113E-46,0.0,1.0589682211545643E-45,0.0,0.0,6.215638152075107E-46,0.0,1.1157915333341832E-45,0.0,1024.0,1280.0,5.77344062455303E-46,0.0,20.0,109.0,null,null,val1,val0,val3,val0,val0,val0,val1,val0,val0,val0,val1,val1,val1,val0,val1,val0,val3,val0,val1,val3,3,1
00000000-0000-0004-0000-000000000000,00000000-0000-0000-0000-000000000004,1246309854887,738.0,1280.0,null,null,1.3567736866968266E-45,0.0,4.9058449514541155E-46,0.0,-4.0,1.0496007082378584E-46,0.0,0.0,3.3216671494306787E-46,0.0,1.2256307270154684E-45,0.0,3.705185965380203E-46,0.0,1.2798139091483873E-45,5.424938295185325E-46,0.0,3.60426639981456E-47,0.0,0.0,9.41247572811183E-46,0.0,39.0,0.0,0.0,3.558247754231272E-46,0.0,6.009396573914048E-46,0.0,0.0,6.318065799531261E-46,0.0,0.0,6.447342066450637E-46,0.0,1.3322130795602652E-45,0.0,0.0,null,0.0,8.136478613165327E-46,0.0,0.0,28.0,0.0,5.9976702805920985E-46,0.0,2.7941867772378533E-46,0.0,1.3642641463960119E-46,0.0,15.0,3.0,null,null,0.0,1.209490977226006E-45,1.1809003920927443E-45,0.0,1.0559280517093011E-46,0.0,5.28272567099258E-46,0.0,0.0,5.97945426106036E-46,0.0,1.1679839389772096E-45,0.0,0.5296304834602068,26.0,1.7374890573066447E-46,0.0,6.061946798542059E-46,0.0,1.22030280025914E-45,0.0,1.5093505283313981E-46,0.0,8.301125989781627E-46,0.0,2.077507624468072E-46,0.0,0.0,6.673398668255477E-47,0.0,8.35068563446619E-46,0.0,768.0,1283.0,1.9288089044805045E-46,0.0,21.0,182.0,null,null,val1,val0,val4,val0,val0,val0,val0,val0,val0,val0,val0,val0,val0,val0,val0,val0,val1,val0,val0,val2,2,0
00000000-0000-0005-0000-000000000000,00000000-0000-0000-0000-000000000005,1246311635914,770.0,1280.0,null,null,5.333790328145475E-46,0.0,1.1723899849209099E-45,0.0,-4.0,2.489167864327089E-47,0.0,0.0,2.2444695792028E-46,0.0,5.350859164496202E-47,0.0,2.4828126704518454E-46,0.0,2.4842059485157307E-46,1.0123447095453856E-45,0.0,8.273900760147104E-46,0.0,0.0,1.1517408381967198E-45,0.0,38.0,0.0,0.0,1.0790593036200476E-45,0.0,3.698572495762526E-46,0.0,0.0,5.080697813489176E-46,0.0,0.0,6.823282527751178E-46,0.0,1.0390887842893818E-45,0.0,0.0,null,0.0,7.881238131477998E-46,0.0,0.0,50.0,0.0,9.015939393748319E-48,0.0,1.0724682639298055E-45,0.0,1.136284900726113E-45,0.0,20.0,4.0,null,null,0.0,6.792200616398926E-46,1.9931346599229808E-45,0.0,1.0972780258886376E-45,0.0,5.265687934510438E-46,0.0,0.0,3.873752870429538E-46,0.0,1.186256554834491E-45,0.0,1.2367102791072836E-45,0.0,8.200568897091425E-46,0.0,8.006979395701181E-46,0.0,7.872937409923925E-46,0.0,3.206123862999875E-47,0.0,1.1635841849390707E-46,0.0,7.181559584669238E-46,0.0,0.0,1.2824635607156981E-45,0.0,4.2493849457290646E-47,0.0,784.0,1280.0,8.39815534068183E-46,0.0,20.0,0.0,null,null,val2,val0,val5,val0,val0,val0,val0,val0,val0,val0,val1,val2,val2,val0,val1,val1,val4,val0,val2,val3,1,0
00000000-0000-0006-0000-000000000000,00000000-0000-0000-0000-000000000006,1246311685890,859.0,1440.0,null,null,7.087942738554232E-46,0.0,7.68796652126207E-46,0.0,-4.0,6.90584152119764E-46,0.0,0.0,2.9696565267848694E-46,0.0,1.3167223614858985E-45,0.0,1.4771116972168565E-46,0.0,2.115215292077354E-46,3.388951059599271E-46,0.0,8.873012836770889E-46,0.0,0.0,4.7140887946940555E-46,0.0,32.0,0.0,0.0,8.320679815082104E-46,0.0,7.282719789580845E-46,0.0,0.0,4.832838834127533E-46,0.0,0.0,4.4947419181366105E-46,0.0,1.0514299130440319E-45,0.0,0.0,null,0.0,1.0374253906127716E-46,0.0,0.0,44.0,0.0,1.2469025842329481E-45,0.0,7.468328854297976E-46,0.0,5.407783599467715E-46,0.0,20.0,4.0,null,null,0.0,3.981529555417592E-46,1.956270866232372E-45,0.0,1.3759106889710648E-45,0.0,2.6874277011817684E-46,0.0,0.0,6.180344149233777E-46,0.0,1.2318720093430538E-45,0.0,0.9528921068287444,7.0,9.098356577173057E-46,0.0,1.336273285712566E-47,0.0,6.292522753729559E-46,0.0,6.019625838213365E-46,0.0,1.3375092767959603E-45,0.0,6.8603460470343215E-46,0.0,0.0,1.2991774867780137E-45,0.0,1.2358631267342815E-45,0.0,840.0,1440.0,1.0987801251323773E-45,0.0,21.0,9.0,null,null,val3,val1,val5,val0,val0,val0,val0,val0,val0,val0,val1,val1,val2,val0,val0,val1,val5,val1,val3,val4,2,0
00000000-0000-0007-0000-000000000000,00000000-0000-0000-0000-000000000007,1246311749950,768.0,1024.0,null,null,1.860260502457768E-46,0.0,3.1351351277868926E-46,0.0,-4.0,1.0787147914953107E-45,0.0,0.0,1.2964022245748105E-45,0.0,9.172122300420931E-46,0.0,5.936488700401749E-46,0.0,8.124489005523678E-46,1.900745170514057E-46,0.0,6.491315825761229E-46,0.0,0.0,9.943143745867772E-46,0.0,36.0,0.0,0.0,1.1242836776436603E-45,0.0,1.3176007459913643E-45,0.0,0.0,1.0057225735066584E-45,0.0,0.0,1.3213352972981003E-45,0.0,6.499636044092584E-46,0.0,0.0,null,0.0,1.2213330010958357E-45,0.0,0.0,47.0,0.0,1.2148821566316545E-45,0.0,1.2075433706009818E-45,0.0,3.709802976901052E-46,0.0,20.0,4.0,null,null,0.0,1.3575687253183243E-45,2.4472672987676338E-45,0.0,5.144104606524942E-46,0.0,9.81293734863992E-46,0.0,0.0,1.0886141284296014E-47,0.0,6.845184842667062E-46,0.0,4.332654596615481E-46,0.0,1.3039904835270297E-45,0.0,5.707722999214686E-46,0.0,7.912458941437376E-46,0.0,6.681169158641725E-46,0.0,4.7082349078617195E-46,0.0,9.590793178243735E-47,0.0,0.0,5.36935931453254E-47,0.0,2.884281558192275E-46,0.0,770.0,1024.0,1.2824032241313051E-45,0.0,21.0,0.0,null,null,val3,val1,val6,val0,val0,val0,val0,val0,val0,val0,val1,val3,val3,val0,val1,val0,val6,val0,val4,val3,4,0
00000000-0000-0008-0000-000000000000,00000000-0000-0000-0000-000000000008,1246311795599,558.0,644.0,null,null,2.425192597609414E-46,0.0,8.633946699227116E-47,0.0,-7.0,9.298241077579025E-46,0.0,0.0,9.001393806260904E-46,0.0,3.506671515195419E-46,0.0,1.3454248562547039E-45,0.0,6.4080382165161305E-46,4.239544859624491E-46,0.0,8.884829450653214E-46,0.0,0.0,6.462660900335308E-46,0.0,36.0,0.0,0.0,7.483365890097923E-46,0.0,3.591354768253823E-46,0.0,0.0,2.9039743447306614E-46,0.0,0.0,4.9098026850293225E-46,0.0,1.1306883264442888E-45,0.0,0.0,null,0.0,6.994456989493528E-47,0.0,0.0,53.0,0.0,6.550190917561417E-46,0.0,1.0846112516835994E-45,0.0,4.5935192707409155E-46,0.0,20.0,4.0,null,null,0.0,1.0336901355625473E-45,1.9303022447949026E-45,0.0,5.58035458952414E-47,0.0,3.6537644858392574E-47,0.0,0.0,1.2548646512890157E-45,0.0,1.5680548807032538E-46,0.0,3.4776185864114384E-46,0.0,9.78177114960608E-46,0.0,9.450363697892481E-46,0.0,8.014881350040617E-46,0.0,5.495467973946358E-47,0.0,1.3358629144355364E-45,0.0,1.374409145179075E-45,0.0,0.0,9.979906994693752E-46,0.0,1.3351117600443328E-45,0.0,170.0,47.0,4.639514604102059E-46,0.0,21.0,6.0,null,null,val3,val1,val4,val0,val0,val0,val0,val0,val0,val0,val1,val1,val0,val0,val0,val0,val2,val0,val5,val5,1,0
00000000-0000-0009-0000-000000000000,00000000-0000-0000-0000-000000000009,1246311860527,737.0,1025.0,null,null,5.5277033529510915E-46,0.0,2.9665886902893414E-46,0.0,-4.0,1.0501299567609251E-45,0.0,0.0,5.833815799623896E-46,0.0,5.499676548457269E-47,0.0,2.9197240264335573E-46,0.0,1.1158970879246832E-45,4.802172173589982E-46,0.0,1.205862827668445E-45,0.0,0.0,5.795494676358521E-46,0.0,35.0,0.0,0.0,8.307856033761307E-47,0.0,7.83994557020443E-47,0.0,0.0,6.345441311374309E-46,0.0,0.0,1.1225574482145083E-45,0.0,4.488028570845301E-46,0.0,0.0,null,0.0,1.0620667270757992E-45,0.0,0.0,54.0,0.0,1.2851402021746085E-45,0.0,1.2999022172901771E-45,0.0,6.032299005669804E-46,0.0,20.0,4.0,null,null,0.0,7.821191003024203E-46,1.6407496419285716E-45,0.0,8.452050829079361E-48,0.0,7.864894451202192E-46,0.0,0.0,1.1129645673184252E-45,0.0,3.4059992872845215E-46,0.0,0.03494412921820638,2.0,1.0963643749167062E-46,0.0,5.676606389383785E-47,0.0,3.690929995993963E-46,0.0,8.582781812097099E-46,0.0,1.9995740923706743E-46,0.0,7.596471084584972E-46,0.0,0.0,1.0992236294877416E-45,0.0,4.859353649547831E-46,0.0,768.0,1025.0,1.1166587749904417E-46,0.0,21.0,38.0,null,null,val3,val1,val7,val0,val0,val0,val0,val0,val0,val0,val1,val1,val2,val0,val0,val0,val6,val0,val3,val4,2,0
00000000-0000-000a-0000-000000000000,00000000-0000-0000-0000-00000000000a,1246311958057,405.0,1024.0,null,null,1.2506464279424294E-46,0.0,1.2073577804068275E-46,0.0,-5.0,1.8205804377826984E-46,0.0,0.0,1.1000379925927948E-45,0.0,6.005089270232811E-46,0.0,6.287775133099216E-46,0.0,2.5131699756406373E-46,1.3309128270653116E-47,0.0,4.959103859743483E-46,0.0,0.0,5.949177213775616E-46,0.0,37.0,0.0,0.0,1.0212022926011607E-45,0.0,1.966649141868204E-46,0.0,0.0,1.213273026718653E-46,0.0,0.0,9.768964790880161E-46,0.0,1.1320919443839273E-45,0.0,0.0,null,0.0,1.1579398208680896E-45,0.0,0.0,57.0,0.0,1.0116410240886585E-45,0.0,3.5009767281962497E-46,0.0,5.263936180549187E-47,0.0,20.0,4.0,null,null,0.0,1.0365212917595099E-46,2.7092810561533874E-45,0.0,3.236720673582143E-47,0.0,1.2294003891231274E-45,0.0,0.0,1.2210378800680574E-45,0.0,1.7181142274484593E-46,0.0,8.236854589836209E-47,0.0,5.423084449922932E-46,0.0,2.9815042984138278E-46,0.0,1.0574173959091168E-45,0.0,6.887702010988761E-46,0.0,1.2322418424608258E-45,0.0,1.3997248748655047E-45,0.0,0.0,4.189696702124632E-46,0.0,1.21375916820832E-45,0.0,272.0,1026.0,4.348854820891842E-46,0.0,21.0,5.0,null,null,val3,val1,val8,val0,val0,val0,val0,val0,val0,val0,val1,val2,val2,val0,val0,val1,val7,val0,val6,val6,6,0
00000000-0000-000b-0000-000000000000,00000000-0000-0000-0000-00000000000b,1246312073147,748.0,1024.0,null,null,3.2824802416531687E-46,0.0,4.817326961594029E-46,0.0,-5.0,3.365116905851887E-46,0.0,0.0,1.8957583482520575E-46,0.0,7.540818326004829E-46,0.0,8.255985669053607E-46,0.0,3.7481594570124615E-46,1.0934280573239403E-45,0.0,4.438812525309761E-46,0.0,0.0,8.42549383630845E-46,0.0,38.0,0.0,0.0,1.1768399865250879E-45,0.0,7.24368821176282E-46,0.0,0.0,5.2987820686570155E-46,0.0,0.0,4.355350411698947E-46,0.0,2.6373804883541043E-46,0.0,0.0,null,0.0,6.538205807672653E-46,0.0,0.0,60.0,0.0,1.1112147825215707E-45,0.0,1.226569454131236E-45,0.0,5.460932633003235E-46,0.0,20.0,4.0,null,null,0.0,2.4719832325143623E-46,1.566727335429677E-45,0.0,1.3512934085755713E-45,0.0,8.255978460758837E-46,0.0,0.0,1.997082421934848E-46,0.0,1.135579405385959E-46,0.0,1.3246574479248863,2.0,1.1527492303590783E-45,0.0,6.676473375689229E-46,0.0,8.930769858315837E-46,0.0,1.1065662608262387E-45,0.0,1.0651030063699117E-45,0.0,7.092835075331796E-46,0.0,0.0,4.433087704177575E-47,0.0,6.299273286645664E-46,0.0,770.0,1024.0,6.329157978776839E-46,0.0,21.0,11.0,null,null,val4,val0,val9,val0,val0,val0,val0,val0,val0,val0,val1,val4,val4,val0,val0,val2,val6,val0,val6,val6,3,0
00000000-0000-000c-0000-000000000000,00000000-0000-0000-0000-00000000000c,1246312094130,770.0,1280.0,null,null,3.635439402194419E-46,0.0,3.1644644678113066E-46,0.0,-4.0,5.865915864981749E-46,0.0,0.0,9.003195721911022E-46,0.0,1.3244230079941297E-45,0.0,6.1761687634201385E-46,0.0,6.967095365428809E-46,8.629757987282496E-46,0.0,9.756411519937236E-46,0.0,0.0,5.412525573720139E-46,0.0,33.0,0.0,0.0,8.712873817230558E-47,0.0,6.881035639623374E-46,0.0,0.0,5.993466458122507E-46,0.0,0.0,1.4076245330974228E-46,0.0,1.1565587287909232E-45,0.0,0.0,null,0.0,1.0568652115486567E-45,0.0,0.0,43.0,0.0,9.752100050064569E-46,0.0,9.120290113060509E-47,0.0,4.068694087315798E-46,0.0,21.0,4.0,null,null,0.0,1.132540089163888E-45,1.953119754435157E-45,0.0,1.020537412700808E-45,0.0,2.613074690770099E-46,0.0,0.0,9.384591562609381E-46,0.0,6.950287418082293E-46,0.0,1.1827535304009735E-45,0.0,1.4204323153149869E-46,0.0,2.350583005824798E-47,0.0,8.673437600930485E-47,0.0,7.576407102043944E-46,0.0,3.665627035528007E-46,0.0,4.101878139112485E-46,0.0,0.0,1.331000552057754E-45,0.0,1.9861744314836735E-46,0.0,797.0,1280.0,6.205743004874034E-46,0.0,20.0,1.0,null,null,val4,val0,val10,val0,val0,val1,val0,val1,val1,val0,val1,val5,val2,val0,val1,val1,val6,val2,val4,val3,1,0
00000000-0000-000d-0000-000000000000,00000000-0000-0000-0000-00000000000d,1246312098567,770.0,1280.0,null,null,2.923042348977145E-24,2.0,4.479202960335927E-46,0.0,-7.0,1.1859953573600417E-45,0.0,0.0,1.2087899764375542E-45,0.0,5.2138829643389856E-46,0.0,1.2030403975645516E-45,0.0,3.1691590325669336E-46,1.2051010431362895E-46,0.0,1.2712188645145311E-45,0.0,0.0,2.845374586120576E-46,0.0,37.0,0.0,0.0,6.732268442211685E-46,0.0,5.080569285645339E-46,0.0,0.0,9.025360543383919E-46,0.0,0.0,1.0479629508812136E-45,0.0,1.2038669402644094E-45,0.0,0.0,null,0.0,1.295684237803955E-45,0.0,0.0,47.0,0.0,3.661385255227179E-46,0.0,1.933992752740621E-46,0.0,2.088085682439501E-46,0.0,21.0,4.0,null,null,0.0,4.2145148542277323E-10,2.298080354781037E-45,0.0,5.1573151844131556E-12,3.0,1.1659050330060481E-45,0.0,3.0,1.3023936507028251E-45,0.0,3.7211764190828685E-46,0.0,1.2168543034346986E-45,0.0,9.114784756178879E-46,0.0,5.398578397586775E-46,0.0,8.352144771944172E-46,0.0,1.5201194828874183E-46,0.0,1.1309189874893126E-45,0.0,4.798279898932594E-46,0.0,0.0,9.602267002541477E-46,0.0,8.591209445526148E-46,0.0,772.0,1285.0,0.33171613892485596,5.0,20.0,99.0,null,null,val5,val1,val11,val0,val0,val0,val0,val0,val0,val0,val1,val6,val5,val0,val0,val0,val6,val0,val7,val7,2,0
00000000-0000-000e-0000-000000000000,00000000-0000-0000-0000-00000000000e,1246312198785,663.0,681.0,null,null,1.3642873610346667E-45,0.0,1.3964291311969456E-45,0.0,-7.0,5.943872808664586E-46,0.0,0.0,2.7735147977456126E-46,0.0,8.44261375340899E-46,0.0,6.175373028647872E-46,0.0,1.044565073358489E-45,4.5393070567210624E-46,0.0,1.1363236586816405E-45,0.0,0.0,7.73871931505357E-46,0.0,39.0,0.0,0.0,8.298196787155918E-46,0.0,1.074820866744244E-45,0.0,0.0,8.273402956589103E-47,0.0,0.0,1.192838260841225E-45,0.0,9.977733855960231E-46,0.0,0.0,null,0.0,8.126140657809435E-46,0.0,0.0,43.0,0.0,9.678292987130026E-46,0.0,8.386517191946747E-46,0.0,8.880110704406736E-46,0.0,20.0,4.0,null,null,0.0,1.1759432521456149E-45,2.340981154918106E-45,0.0,9.269150059780203E-46,0.0,1.1731250642587481E-45,0.0,0.0,2.9325493956206364E-46,0.0,4.1073579038343446E-46,0.0,6.887225878005016E-46,0.0,4.3191968700567595E-46,0.0,2.4692108708677175E-46,0.0,1.7859459121265104E-46,0.0,7.342723670826158E-46,0.0,6.042582580046969E-47,0.0,1.1636365292919326E-45,0.0,0.0,8.702425097752328E-46,0.0,6.927468694502409E-46,0.0,495.0,103.0,2.7925183698016117E-46,0.0,20.0,2.0,null,null,val5,val1,val12,val0,val0,val0,val0,val0,val0,val0,val1,val3,val4,val0,val1,val0,val6,val0,val5,val3,3,0
00000000-0000-000f-0000-000000000000,00000000-0000-0000-0000-00000000000f,1246312215807,1022.0,1693.0,null,null,5.424548062770559E-46,0.0,9.765245883533483E-46,0.0,-7.0,8.459629965666074E-46,0.0,0.0,6.723187224100116E-46,0.0,1.3094542871282096E-45,0.0,3.027875866311202E-46,0.0,1.0920592665809865E-45,1.7881354574108956E-47,0.0,8.931688760821109E-46,0.0,0.0,1.1160037881298853E-46,0.0,38.0,0.0,0.0,1.1550634314310002E-45,0.0,6.5371326926500246E-46,0.0,0.0,4.7621006284336224E-46,0.0,0.0,5.466740560783337E-46,0.0,6.126206050733298E-46,0.0,0.0,null,0.0,1.2915941751652311E-45,0.0,0.0,52.0,0.0,1.3320962595703239E-45,0.0,9.529374705170616E-46,0.0,2.465244436372804E-46,0.0,21.0,4.0,null,null,0.0,8.883724766372049E-46,8.400401914897226E-46,0.0,1.2899713254618206E-45,0.0,3.815912980716602E-46,0.0,0.0,7.585618871675448E-46,0.0,1.1160656030022453E-45,0.0,1.7941122332817152E-46,0.0,1.3971507560059825E-45,0.0,1.3995693634968511E-45,0.0,1.1758584748701547E-45,0.0,9.635707233039319E-46,0.0,3.503473291278285E-47,0.0,9.629435562437905E-46,0.0,0.0,1.0760655108234125E-45,0.0,3.1127190914806302E-46,0.0,1162.0,1691.0,1.9467869945641203E-46,0.0,21.0,12.0,null,null,val4,val0,val13,val0,val0,val0,val0,val2,val1,val0,val1,val7,val5,val0,val0,val1,val6,val3,val5,val5,5,0
00000000-0000-0010-0000-000000000000,00000000-0000-0000-0000-000000000010,1246312355802,770.0,1276.0,null,null,8.497744967808515E-47,0.0,1.0203518957658006E-45,0.0,-5.0,7.802035849139157E-46,0.0,0.0,2.1744205251713124E-47,0.0,5.85360837018506E-47,0.0,3.8064523741693364E-46,0.0,9.046290350289808E-46,8.854771923704824E-46,0.0,1.2292410825197466E-45,0.0,0.0,1.2183380889676363E-45,0.0,33.0,0.0,0.0,1.0862175683116082E-46,0.0,8.06675528951782E-46,0.0,0.0,1.7160600614277338E-46,0.0,0.0,5.2919953094317444E-46,0.0,1.0859256972946077E-45,0.0,0.0,null,0.0,9.190538162256435E-46,0.0,0.0,45.0,0.0,7.158186269832057E-46,0.0,1.646516115610352E-46,0.0,5.9434984327561094E-46,0.0,20.0,4.0,null,null,0.0,1.3073657629148034E-45,2.1337080517564468E-46,0.0,2.857256921621496E-46,0.0,4.678010081842526E-47,0.0,0.0,4.787907046948093E-46,0.0,6.166561317701478E-47,0.0,0.011499830579490892,1.0,9.815681299145984E-46,0.0,6.415888680115383E-46,0.0,7.080007674382354E-46,0.0,2.0054156712759992E-46,0.0,8.14607418945485E-46,0.0,6.041532234364895E-46,0.0,0.0,3.7514610574068074E-46,0.0,1.0232375568427851E-45,0.0,792.0,1282.0,4.386447561986858E-46,0.0,20.0,19.0,null,null,val3,val1,val4,val0,val0,val0,val0,val0,val0,val0,val1,val1,val0,val0,val0,val1,val8,val0,val6,val6,2,0
00000000-0000-0011-0000-000000000000,00000000-0000-0000-0000-000000000011,1246312363059,738.0,1025.0,null,null,1.3643682354746173E-45,0.0,8.701898394594235E-46,0.0,-4.0,2.5046212964365822E-46,0.0,0.0,6.324344587533199E-46,0.0,1.1079110096244629E-45,0.0,1.3552485251807786E-45,0.0,9.44799046507764E-46,8.000901964247498E-46,0.0,8.347853680206736E-46,0.0,0.0,1.0192291438198127E-45,0.0,32.0,0.0,0.0,8.831298231321496E-46,0.0,1.3284029771420459E-46,0.0,0.0,1.0805209799776592E-45,0.0,0.0,9.830496473135099E-46,0.0,1.632691427100927E-46,0.0,0.0,null,0.0,8.29233822781496E-47,0.0,0.0,55.0,0.0,4.8133284326671385E-46,0.0,3.1708459101637193E-46,0.0,1.3776908810955047E-45,0.0,21.0,4.0,null,null,0.0,1.2402115916987645E-45,2.620562641836365E-46,0.0,5.471806389586649E-46,0.0,9.900627845210377E-46,0.0,0.0,6.3612254229814566E-46,0.0,1.0769806072702874E-46,0.0,2.7735614701881442E-46,0.0,4.480033692054059E-46,0.0,2.7753854333976163E-46,0.0,4.42928474587453E-46,0.0,3.364993128477174E-46,0.0,1.7026576658412712E-46,0.0,1.2819137858324521E-45,0.0,0.0,1.2787540826406501E-45,0.0,1.0622658241058019E-46,0.0,769.0,1028.0,7.192376309861951E-46,0.0,21.0,0.0,null,null,val1,val0,val4,val0,val0,val0,val0,val0,val0,val0,val1,val8,val3,val0,val1,val1,val4,val4,val0,val8,6,0
00000000-0000-0012-0000-000000000000,00000000-0000-0000-0000-000000000012,1246312380851,1032.0,1684.0,null,null,6.3195732520362944E-46,0.0,1.1959019649252733E-45,0.0,-4.0,9.896125578557503E-46,0.0,0.0,5.063128911311553E-46,0.0,2.5304375679669725E-46,0.0,1.1267740653721398E-45,0.0,6.089295770006962E-46,1.2480635127188391E-45,0.0,5.3379822016455264E-46,0.0,0.0,5.465939251411653E-46,0.0,19.0,0.0,0.0,6.993932363976859E-46,0.0,1.056324223336542E-45,0.0,0.0,8.86291903718455E-46,0.0,0.0,8.727819285041328E-46,0.0,6.8239194594458646E-46,0.0,0.0,null,0.0,4.7383094942535796E-46,0.0,0.0,49.0,0.0,7.29849773728712E-46,0.0,7.887372922557456E-46,0.0,2.1046943465822357E-46,0.0,21.0,4.0,null,null,0.0,1.1347681394782726E-45,1.628053868470496E-47,0.0,1.3276734653230767E-46,0.0,2.790015826730379E-46,0.0,0.0,2.8723677436966883E-46,0.0,2.4216167936950307E-46,0.0,2.332015566122722E-46,0.0,6.580463697063201E-46,0.0,1.4470396813435804E-46,0.0,8.541059648738698E-46,0.0,2.8569101265932316E-46,0.0,3.841169289706555E-46,0.0,1.0502808197349107E-45,0.0,0.0,1.2225302555688602E-45,0.0,1.5852675408818328E-46,0.0,1121.0,1686.0,7.98670427567474E-46,0.0,21.0,6.0,null,null,val3,val1,val14,val0,val0,val0,val0,val0,val0,val0,val1,val9,val6,val0,val0,val1,val6,val0,val8,val9,3,0
00000000-0000-0013-0000-000000000000,00000000-0000-0000-0000-000000000013,1246312409966,728.0,1024.0,null,null,8.048721134210279E-46,0.0,1.0431813129235269E-47,0.0,-7.0,3.3931339959792093E-46,0.0,0.0,2.3944534944353235E-46,0.0,1.2338773811995134E-45,0.0,1.1464384017459309E-45,0.0,6.7574487365306834E-46,1.1726180246508703E-45,0.0,8.277700954230427E-46,0.0,0.0,9.396002660026317E-46,0.0,37.0,0.0,0.0,7.508450325412673E-46,0.0,9.180507154260248E-47,0.0,0.0,3.587056156035993E-46,0.0,0.0,1.2006832199169573E-45,0.0,1.063039450173374E-45,0.0,0.0,null,0.0,2.5443317056007643E-46,0.0,0.0,52.0,0.0,7.188806366328322E-47,0.0,2.227498390559471E-46,0.0,1.301122116871735E-45,0.0,20.0,4.0,null,null,0.0,2.598630411171493E-46,1.4696664641750772E-45,0.0,4.8410284325566106E-46,0.0,1.0015449777930705E-45,0.0,0.0,7.214760337060753E-46,0.0,1.101562888265472E-45,0.0,7.260868943491236E-46,0.0,6.462247677942182E-46,0.0,3.8122581002768415E-46,0.0,5.923861875478624E-46,0.0,2.836203396092205E-46,0.0,1.1766519039398742E-45,0.0,1.048690872026243E-45,0.0,0.0,3.4399001567474328E-46,0.0,1.953128324975912E-46,0.0,769.0,1028.0,8.706399020389631E-46,0.0,21.0,0.0,null,null,val3,val1,val14,val0,val0,val0,val0,val0,val0,val0,val1,val7,val7,val0,val1,val0,val6,val0,val9,val3,1,0
00000000-0000-0014-0000-000000000000,00000000-0000-0000-0000-000000000014,1246312492625,821.0,1055.0,null,null,4.580802930743897E-46,0.0,2.9946996765370704E-46,0.0,-7.0,7.21227250820887E-46,0.0,0.0,1.2125732050921762E-46,0.0,2.8093081374185316E-46,0.0,1.0925082653082962E-45,0.0,1.4774662722983278E-46,4.38941684470589E-46,0.0,4.482723473679032E-46,0.0,0.0,1.1171396565017417E-45,0.0,32.0,0.0,0.0,5.201790649978515E-46,0.0,5.265979257563812E-46,0.0,0.0,4.88131538116664E-47,0.0,0.0,5.0466908177648174E-46,0.0,1.1583031117310412E-45,0.0,0.0,null,0.0,1.1779445731234021E-46,0.0,0.0,44.0,0.0,5.3297049464517295E-46,0.0,9.157370965798531E-46,0.0,1.1497489888918187E-45,0.0,20.0,4.0,null,null,0.0,9.514855216177238E-46,2.1326289141600265E-45,0.0,8.382504433072692E-46,0.0,1.742176840715368E-46,0.0,0.0,9.563933525147216E-46,0.0,6.0770058181250995E-46,0.0,1.2935746231923375,3.0,6.863322710980723E-46,0.0,8.253180797825992E-46,0.0,5.925647915017335E-46,0.0,7.727303638160242E-46,0.0,2.534771677865148E-46,0.0,8.785407683838978E-46,0.0,0.0,9.141131139063774E-47,0.0,5.323364684074705E-47,0.0,889.0,1051.0,1.2194556537890619E-45,0.0,20.0,3.0,null,null,val3,val1,val0,val1,val0,val1,val0,val1,val1,val0,val1,val10,val8,val0,val0,val0,val6,val2,val5,val5,6,0
00000000-0000-0015-0000-000000000000,00000000-0000-0000-0000-000000000015,1246312552926,770.0,1280.0,null,null,8.637110809674735E-46,0.0,1.0351292020364955E-45,0.0,-4.0,1.1835896284640024E-45,0.0,0.0,6.441911805535709E-46,0.0,1.1648465469103831E-45,0.0,1.1815316817626433E-45,0.0,6.641012440602774E-46,6.082774292147955E-46,0.0,4.951262460741665E-46,0.0,0.0,1.0344659739421668E-46,0.0,32.0,0.0,0.0,6.846960871340216E-46,0.0,1.0093927905906022E-45,0.0,0.0,1.1395215418529331E-45,0.0,0.0,3.501150748852983E-46,0.0,1.129069376910842E-45,0.0,0.0,null,0.0,1.2354826779307233E-45,0.0,0.0,47.0,0.0,8.36348035018954E-46,0.0,5.853035921838016E-46,0.0,8.482020601472991E-46,0.0,20.0,4.0,null,null,0.0,7.090833019717824E-46,4.9264266005767105E-46,0.0,6.095539793215696E-46,0.0,7.047949309389177E-46,0.0,0.0,6.671846494676957E-46,0.0,1.3393821581080489E-45,0.0,8.702063067432347E-46,0.0,7.615423366049861E-46,0.0,1.765961211427751E-46,0.0,5.629644144275435E-47,0.0,3.4639786971583086E-46,0.0,1.2591363639815431E-45,0.0,5.612930944980167E-46,0.0,0.0,7.820920220783564E-46,0.0,1.1905819328588323E-45,0.0,796.0,1283.0,6.574662893300471E-46,0.0,21.0,1.0,null,null,val3,val1,val15,val0,val0,val0,val0,val0,val0,val0,val1,val11,val3,val0,val1,val0,val6,val0,val0,val3,5,0
00000000-0000-0016-0000-000000000000,00000000-0000-0000-0000-000000000016,1246312556051,737.0,1024.0,null,null,1.664094924240913E-47,0.0,1.4419091869115962E-46,0.0,-4.0,5.573360020520225E-48,0.0,0.0,5.2972769307502844E-46,0.0,1.1351350728966037E-45,0.0,5.157736852619567E-46,0.0,6.9300474167363326E-46,3.8921850839453106E-46,0.0,1.3453090195162487E-45,0.0,0.0,3.866645906740878E-46,0.0,37.0,0.0,0.0,3.6863606317247846E-46,0.0,2.931195793128669E-46,0.0,0.0,1.0784202390987606E-45,0.0,0.0,1.0672157379610172E-45,0.0,1.0979073518343738E-45,0.0,0.0,null,0.0,3.0219175876758613E-46,0.0,0.0,46.0,0.0,5.945309179481022E-47,0.0,1.3608763618285437E-45,0.0,5.508849532506715E-46,0.0,21.0,4.0,null,null,0.0,1.987767116850418E-46,9.097053866375919E-46,0.0,9.024072222572023E-47,0.0,1.2541452857439232E-45,0.0,0.0,1.937069399204987E-46,0.0,2.629491231456067E-47,0.0,0.06422917248844967,8.0,7.166165380446168E-46,0.0,2.130628083611176E-46,0.0,9.884953345781506E-46,0.0,2.445823830369338E-46,0.0,1.291413683319019E-45,0.0,8.30920167923359E-47,0.0,0.0,7.989275510504919E-46,0.0,1.5292005285509976E-46,0.0,769.0,1027.0,7.459240432212128E-46,0.0,21.0,53.0,null,null,val5,val1,val8,val0,val0,val0,val0,val0,val0,val0,val1,val12,val3,val0,val0,val0,val6,val0,val0,val4,6,0
00000000-0000-0017-0000-000000000000,00000000-0000-0000-0000-000000000017,1246312593363,770.0,1280.0,null,null,3.2529126062679227E-24,3.0,1.2720088813567459E-45,0.0,-4.0,1.1463179972916078E-45,0.0,0.0,1.1599283187001053E-45,0.0,8.84065936753796E-46,0.0,1.0382834934051163E-45,0.0,5.540686356472491E-46,1.0834879598687844E-45,0.0,1.1327242462108673E-45,0.0,0.0,2.095359995138521E-46,0.0,36.0,0.0,0.0,9.460396383762769E-46,0.0,5.890686897083311E-46,0.0,0.0,8.788905333056956E-46,0.0,0.0,2.298506793575158E-46,0.0,2.2083800504086355E-46,0.0,0.0,null,0.0,8.872271984991882E-46,0.0,0.0,52.0,0.0,1.035896455566091E-45,0.0,1.3597794294185589E-45,0.0,1.0218851277724328E-45,0.0,20.0,4.0,null,null,0.0,1.2877935888653636E-14,8.803015026699159E-8,2.0,1.6904970168026473E-46,0.0,7.846587181688966E-46,0.0,1.0,3.92351363706154E-15,1.0,6.072450487315636E-46,0.0,1.417862531500845,12.0,1.196255050702086E-45,0.0,5.881727164500236E-46,0.0,4.633342186679847E-46,0.0,6.190060266309846E-46,0.0,2.311989066980659E-17,5.0,2.3004498035226986E-46,0.0,0.0,9.544796199074372E-46,0.0,2.0090196462727488E-46,0.0,785.0,1283.0,1.0765722978934748E-45,0.0,21.0,84.0,null,null,val3,val1,val4,val0,val0,val0,val0,val0,val0,val0,val1,val13,val5,val0,val0,val1,val6,val0,val10,val10,6,0
00000000-0000-0018-0000-000000000000,00000000-0000-0000-0000-000000000018,1246312605375,733.0,1280.0,null,null,8.010460742278173E-46,0.0,1.090875988243507E-45,0.0,-5.0,9.824671576882435E-46,0.0,0.0,7.38637262944885E-46,0.0,1.992421167501378E-46,0.0,5.524758015168417E-46,0.0,6.3607188138598116E-46,1.2097730323948524E-45,0.0,1.1167563487214411E-45,0.0,0.0,7.65428207542763E-46,0.0,34.0,0.0,0.0,6.837486937440136E-46,0.0,9.292748319923439E-48,0.0,0.0,3.779947716110148E-46,0.0,0.0,6.387421747768475E-46,0.0,1.024343748709846E-45,0.0,0.0,null,0.0,8.333147837806815E-46,0.0,0.0,46.0,0.0,6.6770285870959305E-46,0.0,1.14112217998123E-45,0.0,1.0037369240515143E-45,0.0,21.0,4.0,null,null,0.0,2.519756646432655E-46,3.7753648927770374E-46,0.0,7.209192221167082E-46,0.0,1.3948836763902622E-45,0.0,0.0,3.2921159530495655E-46,0.0,5.5036552878229545E-46,0.0,3.995414983375769E-46,0.0,9.145213430420418E-46,0.0,9.432539480354573E-46,0.0,1.0843449826175694E-45,0.0,5.381618828482455E-46,0.0,2.175756337354586E-46,0.0,9.494956978825296E-47,0.0,0.0,9.05404436141561E-46,0.0,7.377899574237004E-46,0.0,768.0,1285.0,1.3536701995463053E-45,0.0,20.0,7.0,null,null,val5,val1,val11,val0,val0,val0,val0,val0,val0,val0,val1,val14,val9,val0,val0,val0,val5,val0,val6,val3,2,0
00000000-0000-0019-0000-000000000000,00000000-0000-0000-0000-000000000019,1246312626536,738.0,1025.0,null,null,4.594001143805517E-46,0.0,1.2522148127896492E-46,0.0,-7.0,8.709065837562065E-46,0.0,0.0,4.15413512485609E-46,0.0,9.123665368510487E-46,0.0,4.018385224343397E-46,0.0,9.73092369065267E-46,7.581789250911097E-46,0.0,1.1590059656268546E-45,0.0,0.0,7.687688035803923E-46,0.0,38.0,0.0,0.0,1.4275253438756016E-46,0.0,9.114740860980102E-46,0.0,0.0,7.00736095529851E-46,0.0,0.0,1.287381533640041E-45,0.0,8.579081843585238E-46,0.0,0.0,null,0.0,1.068156921857713E-45,0.0,0.0,48.0,0.0,1.2062382891879111E-45,0.0,3.723411773026693E-46,0.0,1.1638192122019971E-45,0.0,20.0,4.0,null,null,0.0,4.4105219045174675E-46,2.0813556961836953E-45,0.0,8.57779976309323E-46,0.0,1.255151608883926E-45,0.0,0.0,1.8780664439479708E-46,0.0,1.2235008759057785E-45,0.0,1.03872347962647E-45,0.0,1.0361645542035737E-45,0.0,1.323418858143591E-45,0.0,9.706263662262607E-46,0.0,1.14749050741633E-45,0.0,4.682923427712329E-46,0.0,4.585550901722289E-47,0.0,0.0,7.889052200351783E-46,0.0,7.031710050498447E-46,0.0,769.0,1028.0,1.8299737254586538E-46,0.0,21.0,1.0,null,null,val5,val1,val16,val2,val0,val0,val0,val0,val0,val0,val1,val15,val10,val0,val1,val0,val6,val0,val5,val3,3,0
00000000-0000-001a-0000-000000000000,00000000-0000-0000-0000-00000000001a,1246312673204,770.0,1280.0,null,null,8.18134637100956E-46,0.0,1.3906333676997254E-45,0.0,-5.0,2.950093582496305E-46,0.0,0.0,1.366832124689415E-45,0.0,7.412906064720045E-46,0.0,6.959350373378728E-46,0.0,3.092494311689824E-47,7.601479645146657E-46,0.0,7.040302647333612E-47,0.0,0.0,5.4098462672227976E-46,0.0,35.0,0.0,0.0,5.167330607372502E-46,0.0,1.3704596851381482E-46,0.0,0.0,1.8998408187130856E-47,0.0,0.0,1.0524263580900625E-45,0.0,4.9263418491743725E-46,0.0,0.0,null,0.0,6.041595181777602E-46,0.0,0.0,47.0,0.0,4.786630917469147E-46,0.0,5.894257152600859E-46,0.0,6.32343943465583E-46,0.0,21.0,4.0,null,null,0.0,8.159428183278452E-46,1.405482202649314E-45,0.0,1.3026818103847266E-46,0.0,8.441769412955473E-46,0.0,0.0,6.494698609431073E-46,0.0,5.209912379219345E-46,0.0,2.6416179577265206E-46,0.0,8.405699790628739E-46,0.0,1.5067252154516855E-46,0.0,4.513876859604376E-46,0.0,8.014231442888665E-46,0.0,8.755637882500215E-46,0.0,5.934178214073424E-46,0.0,0.0,7.99187498526395E-46,0.0,2.6264221856965902E-46,0.0,799.0,1284.0,9.94754476604804E-47,0.0,21.0,2.0,null,null,val6,val1,val17,val0,val0,val0,val0,val0,val0,val0,val1,val16,val8,val0,val0,val0,val6,val0,val11,val11,4,0
00000000-0000-001b-0000-000000000000,00000000-0000-0000-0000-00000000001b,1246312685830,840.0,1440.0,null,null,7.360416377477626E-46,0.0,4.339924114827298E-46,0.0,-7.0,1.020421439186352E-47,0.0,0.0,1.1848297466893203E-45,0.0,6.094857144834611E-46,0.0,8.231192472531876E-46,0.0,6.995170081451614E-46,6.458324641573159E-46,0.0,3.0735906626661068E-46,0.0,0.0,1.1595178354544145E-45,0.0,37.0,0.0,0.0,1.186317472363979E-45,0.0,3.917980028818182E-46,0.0,0.0,1.0739484432803463E-45,0.0,0.0,6.035740315439635E-46,0.0,1.2241178727089527E-45,0.0,0.0,null,0.0,1.5129174652156963E-46,0.0,0.0,43.0,0.0,7.29061340813741E-46,0.0,1.0384184782124042E-45,0.0,7.006675545774575E-47,0.0,21.0,4.0,null,null,0.0,1.3298786437544554E-45,1.495760493378324E-45,0.0,6.328130182356614E-46,0.0,1.195103552531964E-45,0.0,0.0,4.811252530284628E-46,0.0,5.935829856359122E-46,0.0,1.000753486732896E-46,0.0,9.759482950814317E-46,0.0,7.222038143092893E-46,0.0,1.1984442264151177E-45,0.0,1.0165303062041864E-45,0.0,5.890793440072802E-46,0.0,6.872159824167753E-46,0.0,0.0,9.805385960839515E-46,0.0,1.1886601133418376E-45,0.0,846.0,1440.0,7.159431660033572E-46,0.0,21.0,5.0,null,null,val7,val0,val11,val0,val0,val0,val0,val0,val0,val0,val1,val17,val11,val0,val0,val1,val6,val0,val5,val5,3,0
00000000-0000-001c-0000-000000000000,00000000-0000-0000-0000-00000000001c,1246312697949,770.0,1280.0,null,null,4.7734766846253406E-18,3.0,3.0710917574465426E-46,0.0,-7.0,2.4544268148134262E-46,0.0,0.0,7.023158773141124E-46,0.0,3.456899793139377E-46,0.0,8.385150144769844E-47,0.0,1.5784685621789424E-18,1.0977831102668995E-45,0.0,7.232575100986338E-46,0.0,1.0,5.940115041536803E-46,0.0,37.0,0.0,0.0,2.5950563413577692E-46,0.0,8.91226695560724E-46,0.0,0.0,2.2589837105849506E-46,0.0,0.0,1.1177584703383685E-45,0.0,1.5999206787830403E-18,1.0,0.0,null,0.0,2.2778811116050745E-46,0.0,0.0,50.0,0.0,8.629163857969021E-46,0.0,4.512676101131088E-47,0.0,4.3682841940245E-22,3.0,20.0,4.0,null,null,0.0,2.1574118619703196E-21,2.708667006921654E-45,0.0,6.284396859594439E-46,0.0,6.0839787583723785E-25,1.0,1.0,1.11539834076516E-45,0.0,5.864335313506763E-46,0.0,8.503388796275426E-8,5.0,7.220778525947708E-46,0.0,3.799500008603702E-46,0.0,3.0465359192545147E-46,0.0,2.6779085492188924E-46,0.0,1.1940629910876277E-47,0.0,1.1759444821792859E-45,0.0,0.0,1.5075603345056428E-46,0.0,2.244113940136905E-46,0.0,780.0,1284.0,1.1556497377229871E-45,0.0,21.0,95.0,null,null,val3,val1,val2,val0,val1,val0,val0,val0,val0,val0,val1,val18,val5,val0,val0,val1,val6,val0,val12,val12,4,0
00000000-0000-001d-0000-000000000000,00000000-0000-0000-0000-00000000001d,1246312703141,759.0,1024.0,null,null,1.1008843382221054E-46,0.0,3.2719467451537467E-46,0.0,-7.0,9.30429109871415E-46,0.0,0.0,1.3302446438016546E-45,0.0,1.0418041389317402E-45,0.0,1.3298045040991046E-46,0.0,3.7974938734048315E-46,1.5977590495501907E-46,0.0,1.3973324830834792E-45,0.0,0.0,1.0065539786038892E-45,0.0,34.0,0.0,0.0,1.8868366758881625E-46,0.0,9.681008583788163E-46,0.0,0.0,5.141073250936048E-46,0.0,0.0,1.387437662200203E-45,0.0,1.1235962560853897E-45,0.0,0.0,null,0.0,2.1844483165780813E-46,0.0,0.0,43.0,0.0,5.031476795086069E-46,0.0,1.1565072409153496E-45,0.0,4.492839552521106E-46,0.0,21.0,4.0,null,null,0.0,8.811934186826933E-46,7.959798895746016E-47,0.0,1.199869508044032E-45,0.0,1.100347198878539E-45,0.0,0.0,1.3535081240811712E-45,0.0,1.1256027563449072E-45,0.0,9.005402930100736E-46,0.0,5.693945038439198E-46,0.0,1.0063838320225947E-45,0.0,5.6721942544974065E-46,0.0,1.3956104799475472E-46,0.0,7.34686097684208E-46,0.0,6.267702699326743E-46,0.0,0.0,7.942060491323187E-46,0.0,5.068884203019719E-46,0.0,769.0,1030.0,7.009218186250567E-46,0.0,20.0,0.0,null,null,val5,val1,val18,val1,val0,val0,val0,val0,val0,val0,val1,val19,val6,val0,val1,val0,val9,val0,val5,val3,1,0
00000000-0000-001e-0000-000000000000,00000000-0000-0000-0000-00000000001e,1246312704176,1018.0,1633.0,null,null,1.1364935064853518E-45,0.0,6.259751386523138E-46,0.0,-5.0,9.803634818762215E-46,0.0,0.0,1.177582449830684E-45,0.0,3.978320782935423E-46,0.0,5.895805081151864E-46,0.0,8.751997594835632E-46,7.934619667262227E-46,0.0,2.9080592786760963E-46,0.0,0.0,9.241555830272578E-46,0.0,36.0,0.0,0.0,6.247496270074393E-48,0.0,9.308026905459907E-46,0.0,0.0,4.456401942394341E-46,0.0,0.0,1.374816322623429E-47,0.0,1.016571786514981E-45,0.0,0.0,null,0.0,2.7375613885080217E-46,0.0,0.0,48.0,0.0,1.0963022675937895E-45,0.0,1.3234642161532854E-45,0.0,2.6824400138777755E-46,0.0,21.0,4.0,null,null,0.0,1.15563122634936E-45,2.2461019597149954E-45,0.0,3.238307608521822E-46,0.0,8.742351420308664E-46,0.0,0.0,1.049252181530263E-45,0.0,6.2876176853658E-46,0.0,1.2209335339128327,18.0,2.626044977962969E-46,0.0,1.036903614485576E-45,0.0,1.2981803362533025E-45,0.0,4.749239327433319E-46,0.0,1.619055137139085E-24,1.0,7.726980468831442E-46,0.0,0.0,3.2131239386138627E-46,0.0,9.850992235491023E-46,0.0,1040.0,1687.0,7.852041572785909E-46,0.0,21.0,132.0,null,null,val0,val0,val19,val0,val0,val0,val0,val0,val0,val0,val1,val20,val12,val0,val0,val1,val10,val0,val10,val0,4,1
00000000-0000-001f-0000-000000000000,00000000-0000-0000-0000-00000000001f,1246312720890,792.0,1264.0,null,null,1.329683929858788E-45,0.0,0.20307451467917284,1.0,-7.0,6.562898648622254E-46,0.0,0.0,0.05341435005407131,1.0,1.5846571269874699E-47,0.0,6.864941800546778E-46,0.0,6.8990869870641765E-46,1.8779429625876488E-47,0.0,4.624774142174687E-46,0.0,0.0,1.3109301500140173E-45,0.0,26.0,0.0,0.0,1.273174287232948E-45,0.0,1.697274989400147E-46,0.0,0.0,1.1577761832721372E-45,0.0,0.0,3.848364147988223E-46,0.0,8.177420924598377E-46,0.0,0.0,null,0.0,6.071941692369668E-46,0.0,0.0,60.0,0.0,8.581603143744083E-46,0.0,4.586903556089624E-46,0.0,1.2882785371094319E-45,0.0,21.0,4.0,null,null,0.0,5.749772914702186E-46,2.580842205203469E-46,0.0,1.2654847670825634E-45,0.0,1.1534639380153965E-45,0.0,0.0,8.120019294255372E-47,0.0,0.4830407191483145,3.0,0.5378820264377309,2.0,8.805024290011191E-46,0.0,6.5073908526451295E-46,0.0,1.2512387721240778E-45,0.0,6.935067630768301E-46,0.0,1.1034681443273028E-45,0.0,5.508614485431312E-46,0.0,0.0,0.09455683619687026,4.0,0.12649457068505918,4.0,797.0,1285.0,8.076389178758263E-46,0.0,20.0,21.0,null,null,val2,val2,val17,val0,val0,val2,val0,val0,val0,val1,val1,val7,val11,val1,val0,val3,val6,val0,val5,val5,6,1
00000000-0000-0020-0000-000000000000,00000000-0000-0000-0000-000000000020,1246312722485,738.0,1025.0,null,null,8.89121038336098E-46,2.0,5.707075853206769E-9,2.0,-4.0,1.012505205772081E-45,0.0,0.0,3.0748658774420613E-47,0.0,4.893284905737751E-46,0.0,2.6500072908625154E-46,0.0,2.226824321646244E-46,7.355725879958145E-46,0.0,0.0063460233170302485,20.0,0.0,7.096958423356041E-4,5.0,19.0,0.0,0.0,1.1080785017800614E-45,0.0,1.2946451254785458E-46,0.0,0.0,1.355814835433534E-45,0.0,0.0,0.006268379219000429,2.0,9.846572424092764E-47,0.0,0.0,null,2.0,1.2100958851453376E-45,0.0,0.0,52.0,0.0,1.1270383924436313E-45,0.0,8.441726476599908E-46,0.0,3.840970026824977E-46,0.0,21.0,4.0,null,null,0.0,1.3647094915828186E-45,5.146377429199133E-46,0.0,1.0853883589037887E-45,0.0,1.2408314812964155E-45,0.0,0.0,7.222589960134149E-46,0.0,3.351101616543323E-46,0.0,1.198411438572522E-45,0.0,1.0895203347456975E-45,0.0,1.0614046512244946E-45,1.0,3.0281933421234447E-9,3.0,5.2352238396576814E-46,0.0,1.703851930049724E-46,0.0,9.872100198323088E-46,0.0,0.0,1.1308015227708303E-47,0.0,8.843281799209101E-46,0.0,769.0,1026.0,4.34194139997183E-46,0.0,20.0,318.0,null,null,val3,val1,val10,val0,val2,val0,val0,val0,val0,val0,val1,val16,val13,val0,val0,val0,val7,val0,val4,val8,2,0
00000000-0000-0021-0000-000000000000,00000000-0000-0000-0000-000000000021,1246312750387,1000.0,1280.0,null,null,3.596384052407307E-46,0.0,2.7978501977986785E-46,0.0,-5.0,1.7187777279215263E-46,0.0,0.0,1.2985712196797235E-45,0.0,3.290615323898423E-47,0.0,1.1015936107231702E-45,0.0,1.2981986670679658E-45,1.775797219016774E-46,0.0,1.2241917735915294E-46,0.0,0.0,2.2429142369454725E-46,0.0,32.0,0.0,0.0,2.1228778409296448E-46,0.0,1.7176344391693435E-46,0.0,0.0,5.6035018553251134E-46,0.0,0.0,3.2429722294717332E-46,0.0,9.288331422720814E-46,0.0,0.0,null,0.0,1.0748694007858537E-45,0.0,0.0,55.0,0.0,5.54362061794017E-46,0.0,1.0055082129860922E-45,0.0,8.693749178429497E-46,0.0,20.0,4.0,null,null,0.0,5.918205298090212E-46,1.8913147085297804E-46,0.0,9.95755539271279E-46,0.0,1.0676826315619827E-45,0.0,0.0,1.0579739772329706E-45,0.0,8.0383667094663E-46,0.0,9.677078972319308E-46,0.0,9.240065050874616E-46,0.0,4.069364770934764E-46,0.0,7.482433826267595E-46,0.0,1.0857527635535859E-45,0.0,1.5134389562507948E-46,0.0,7.69471412896872E-46,0.0,0.0,2.0995681481286972E-46,0.0,1.0419423463379866E-45,0.0,1002.0,1283.0,2.272063000335216E-47,0.0,21.0,1.0,null,null,val3,val1,val3,val0,val0,val0,val0,val0,val0,val0,val1,val5,val14,val0,val1,val0,val6,val0,val6,val3,1,0
00000000-0000-0022-0000-000000000000,00000000-0000-0000-0000-000000000022,1246312758031,738.0,1025.0,null,null,1.0794911818765776E-45,8.0,1.0408575598095609E-45,1.0,-5.0,1.2481453166709041E-45,0.0,0.0,8.998843396357101E-46,0.0,3.840243568635209E-47,0.0,5.63089662860327E-47,0.0,6.222709776700755E-47,1.2716186757528966E-45,10.0,6.855073243596099E-46,0.0,11.0,5.190735854942485E-47,0.0,39.0,0.0,0.0,1.8933841030265143E-47,0.0,1.1323402957186387E-45,0.0,0.0,1.566455854081262E-46,0.0,0.0,4.44730041407839E-46,0.0,2.333731818810288E-46,0.0,0.0,null,0.0,9.287353316632505E-46,0.0,0.0,46.0,0.0,2.0033654841101794E-46,0.0,1.1056221572232625E-45,0.0,1.1799317690195412E-45,0.0,20.0,4.0,null,null,0.0,5.764063174468935E-46,5.4728943277579965E-46,0.0,9.572065034541075E-47,0.0,6.680287977082229E-46,0.0,0.0,4.191098818193549E-46,0.0,1.1136616656056271E-45,0.0,0.0013226404251172785,41.0,4.5524124281394126E-46,0.0,9.57905393980679E-46,0.0,1.3065555213489074E-45,1.0,5.489089726911208E-46,0.0,1.0731828777399375E-45,0.0,6.3318919204165505E-46,0.0,0.0,9.871982357966716E-46,0.0,4.6608314823296736E-46,0.0,768.0,1029.0,8.215630812533865E-47,0.0,21.0,285.0,null,null,val3,val1,val10,val0,val3,val0,val0,val0,val0,val0,val1,val9,val4,val0,val0,val0,val6,val5,val6,val6,6,0
00000000-0000-0023-0000-000000000000,00000000-0000-0000-0000-000000000023,1246312768282,1028.0,1682.0,null,null,1.0433613627801783E-45,0.0,3.133982771387658E-46,0.0,-7.0,2.592361683876815E-46,0.0,0.0,1.0811456878727145E-45,0.0,4.779921634006706E-46,0.0,8.184096239776673E-46,0.0,5.01631885316514E-46,9.373927620968445E-17,1.0,1.195564686327545E-45,0.0,0.0,1.02427271909533E-45,0.0,32.0,0.0,0.0,5.105253668482225E-46,0.0,7.887456790680321E-46,0.0,0.0,2.7417036549359463E-46,0.0,0.0,1.0628305940802552E-47,0.0,9.85029295673601E-46,0.0,0.0,null,0.0,8.399322736834803E-46,0.0,0.0,58.0,0.0,4.675497340897889E-47,0.0,2.9794893553798394E-46,0.0,1.2297113738585124E-45,0.0,20.0,4.0,null,null,0.0,3.0554699022699272E-46,1.9618270444419037E-45,0.0,9.201115516561263E-46,0.0,2.216859185337072E-46,0.0,0.0,2.9429559912122944E-46,0.0,1.0704108862125686E-45,0.0,1.6718798805746594E-8,1.0,1.1984689387670308E-45,0.0,2.264642469956467E-46,0.0,6.0981436698883256E-46,0.0,9.67364195728289E-46,0.0,9.273844595840944E-46,0.0,1.1679081784508133E-45,0.0,0.0,5.253436532842412E-46,0.0,1.3859961302612083E-45,0.0,1054.0,1683.0,1.1391788895983484E-45,0.0,21.0,51.0,null,null,val1,val0,val4,val0,val4,val0,val0,val0,val0,val0,val1,val17,val15,val0,val0,val1,val11,val0,val13,val13,4,0
00000000-0000-0024-0000-000000000000,00000000-0000-0000-0000-000000000024,1246312775888,770.0,1280.0,null,null,2.0804105419182694E-46,0.0,1.1454760450106464E-45,0.0,-4.0,1.75837338874182E-46,0.0,0.0,6.946068204310462E-46,0.0,1.5583738792441438E-46,0.0,1.8970398603989074E-46,0.0,1.0370642961733665E-45,1.0802403418740804E-45,0.0,6.685220019524807E-47,0.0,0.0,1.4120645815461984E-46,0.0,35.0,0.0,0.0,1.1704789033112842E-45,0.0,1.5133661698327614E-46,0.0,0.0,1.3388097190296593E-45,0.0,0.0,6.172273598446972E-46,0.0,6.2125178764391185E-46,0.0,0.0,null,0.0,1.3397468090195605E-45,0.0,0.0,54.0,0.0,1.7686837502117638E-46,0.0,1.9460578921582445E-46,0.0,8.633613561930967E-47,0.0,21.0,4.0,null,null,0.0,1.0816866203547838E-46,2.0342523696447406E-45,0.0,8.691827726513589E-46,0.0,5.848607603562211E-47,0.0,0.0,2.292405275411651E-46,0.0,2.6988106286711227E-46,0.0,2.0397694979978893E-46,0.0,6.643597662556433E-46,0.0,1.0597004708027595E-46,0.0,1.1318586656329902E-45,0.0,4.557208344140733E-47,0.0,1.0986527906580287E-45,0.0,1.01898518652117E-45,0.0,0.0,9.075983069697512E-46,0.0,1.3570502395785023E-45,0.0,776.0,1280.0,1.296753989243635E-45,0.0,21.0,0.0,null,null,val6,val1,val20,val0,val0,val0,val0,val0,val0,val0,val1,val17,val15,val0,val1,val1,val12,val0,val1,val3,5,0
00000000-0000-0025-0000-000000000000,00000000-0000-0000-0000-000000000025,1246312782125,738.0,1024.0,null,null,1.1964834709996978E-45,0.0,1.3758628194131705E-45,0.0,-7.0,5.669342389870793E-46,0.0,0.0,8.829968088611588E-46,0.0,1.1610732527775404E-45,0.0,7.105072432914435E-46,0.0,1.2909400414550285E-45,7.354187645099635E-46,0.0,1.3132044966778657E-45,0.0,0.0,2.034844519485219E-46,0.0,37.0,0.0,0.0,1.1258785721091789E-45,0.0,1.3161522968066142E-45,0.0,0.0,7.068165687777563E-46,0.0,0.0,3.3547060532855145E-46,0.0,8.995969462162831E-46,0.0,0.0,null,0.0,1.2529519808156641E-46,0.0,0.0,45.0,0.0,1.5623358359256286E-46,0.0,1.1297178242238321E-45,0.0,8.25771273815587E-46,0.0,21.0,4.0,null,null,0.0,3.4980730959876396E-46,3.864914408472759E-46,0.0,2.1189790599782343E-46,0.0,1.3022134857928024E-45,0.0,0.0,7.659394919846025E-46,0.0,3.1017700505461385E-46,0.0,1.4266964307871035,6.0,2.6013054504156048E-46,0.0,1.7256326040796125E-46,0.0,9.76586836738778E-46,0.0,1.26160964654385E-45,0.0,2.136582279918826E-46,0.0,6.5998224588607495E-47,0.0,0.0,1.2219989427549841E-45,0.0,1.2220136000399166E-45,0.0,769.0,1024.0,3.118016199146305E-46,0.0,20.0,4.0,null,null,val3,val1,val21,val0,val0,val2,val0,val0,val0,val0,val1,val11,val5,val0,val0,val0,val13,val0,val2,val14,2,0
00000000-0000-0026-0000-000000000000,00000000-0000-0000-0000-000000000026,1246312786625,770.0,1280.0,null,null,5.3989559202171785E-46,0.0,1.024728834495951E-45,0.0,-5.0,5.2153876975308936E-46,0.0,0.0,9.266249364835552E-46,0.0,1.3974388948067606E-45,0.0,1.3075834158161854E-45,0.0,1.2403036422303901E-45,3.55633827716766E-46,0.0,1.9665657910070317E-46,0.0,0.0,5.0772683716954635E-46,0.0,38.0,0.0,0.0,5.083891959654491E-46,0.0,1.1230095418901346E-45,0.0,0.0,4.890202259534436E-46,0.0,0.0,9.559417280545982E-46,0.0,1.0147774311956544E-45,0.0,0.0,null,0.0,4.894147092113459E-46,0.0,0.0,45.0,0.0,1.1628251121274991E-45,0.0,1.1369068077230865E-45,0.0,1.55533271337742E-46,0.0,20.0,4.0,null,null,0.0,1.0168659244529262E-46,2.2428858495255548E-45,0.0,1.3785595101610605E-45,0.0,2.486737999087099E-47,0.0,0.0,6.999547243910198E-46,0.0,1.1181870537703543E-45,0.0,9.482626771548066E-46,0.0,1.2513004705837984E-45,0.0,1.3307854878866627E-45,0.0,8.240788956414438E-46,0.0,1.0331372015672029E-45,0.0,1.1697498246085741E-45,0.0,1.1766390505636938E-45,0.0,0.0,3.6021255291396424E-46,0.0,3.814401707317686E-46,0.0,781.0,1284.0,1.2637122016135222E-45,0.0,21.0,143.0,null,null,val6,val1,val7,val0,val0,val0,val0,val0,val0,val0,val1,val21,val0,val0,val0,val1,val6,val0,val6,val6,4,0
00000000-0000-0027-0000-000000000000,00000000-0000-0000-0000-000000000027,1246312787755,748.0,1025.0,null,null,1.311159678237813E-45,0.0,1.2517912707628468E-45,0.0,-7.0,2.1414038327292385E-47,0.0,0.0,5.4049398954373856E-46,0.0,4.9273039341067744E-46,0.0,1.173545992717103E-45,0.0,1.374814272111298E-45,7.706516782338865E-46,0.0,9.472136926435768E-47,0.0,0.0,3.657305030055011E-46,0.0,38.0,0.0,0.0,9.589217427550305E-46,0.0,3.2107903320778886E-46,0.0,0.0,5.337114438380858E-46,0.0,0.0,1.3893671436533694E-45,0.0,4.590110273174643E-46,0.0,0.0,null,0.0,7.107066634343909E-46,0.0,0.0,59.0,0.0,1.218980896040615E-45,0.0,1.2606061326890496E-45,0.0,1.209601058754728E-45,0.0,21.0,4.0,null,null,0.0,9.289940347052206E-46,2.4328159680946802E-45,0.0,8.7740775764149E-46,0.0,8.274844529684422E-46,0.0,0.0,5.751002726807428E-46,0.0,5.410289184394689E-46,0.0,0.002010189427052342,1.0,1.1519495110349203E-45,0.0,6.908936587762596E-16,1.0,2.663396561355512E-9,2.0,1.1488493089814961E-45,0.0,7.469387015617746E-46,0.0,6.189654331037514E-46,0.0,0.0,8.826425718308124E-46,0.0,1.0919717323215847E-45,0.0,769.0,1025.0,9.722669638005699E-46,0.0,20.0,104.0,null,null,val5,val1,val22,val0,val0,val1,val0,val3,val1,val0,val1,val12,val4,val0,val0,val2,val0,val2,val5,val5,2,0
00000000-0000-0028-0000-000000000000,00000000-0000-0000-0000-000000000028,1246312793312,13.0,1024.0,null,null,7.740823570658843E-46,0.0,4.4011799066661704E-46,0.0,-4.0,8.392127394335847E-46,0.0,0.0,4.841650943635272E-47,0.0,5.722474969945084E-46,0.0,7.26142747985716E-46,0.0,1.1160384358839865E-45,2.840088908273477E-47,0.0,5.247833919309562E-46,0.0,0.0,1.0987683480789924E-45,0.0,27.0,0.0,0.0,1.1445929535327274E-45,0.0,8.103542970404549E-46,0.0,0.0,4.5833814308487996E-46,0.0,0.0,8.875517294752837E-46,0.0,4.106089444630343E-46,0.0,0.0,null,0.0,1.1822943392091774E-45,0.0,0.0,55.0,3.0,2.9483377470058166E-21,3.0,3.278131454766007E-47,0.0,6.347011694191966E-46,0.0,20.0,4.0,null,null,0.0,4.226481739044252E-46,2.3348456630830626E-46,0.0,1.918490868613357E-46,0.0,8.243631704153425E-46,0.0,0.0,1.1525806630222892E-45,0.0,1.3545923908463743E-45,0.0,2.178647965684904E-5,34.0,1.9473810033828028E-46,0.0,1.0543894662556999E-45,0.0,1.3057678739795774E-45,0.0,6.027175092407864E-46,0.0,7.789059604838774E-46,2.0,3.5899360334178466E-47,0.0,0.0,1.3761258240399359E-45,0.0,3.7892270434181435E-46,0.0,768.0,1030.0,8.48110236549506E-46,0.0,21.0,237.0,null,null,val0,val2,val19,val0,val5,val0,val0,val0,val0,val0,val1,val21,val0,val0,val0,val3,val6,val0,val3,val4,5,0
00000000-0000-0029-0000-000000000000,00000000-0000-0000-0000-000000000029,1246312795513,1002.0,1280.0,null,null,7.356964775812721E-46,0.0,6.186989017289094E-46,0.0,-7.0,6.213148244122354E-46,0.0,0.0,5.692316005446295E-46,0.0,1.1250673288610384E-45,0.0,3.78538530165814E-46,0.0,1.3356892384057876E-45,1.0662251218985701E-45,0.0,5.918905301772586E-47,0.0,0.0,9.687792627766051E-46,0.0,33.0,0.0,0.0,7.507158158004203E-46,0.0,1.1944310394522578E-45,0.0,0.0,5.328828980194066E-46,0.0,0.0,7.333740396831172E-46,0.0,1.398507377748705E-45,0.0,0.0,null,0.0,5.939810610876093E-46,0.0,0.0,49.0,0.0,6.8276260664970385E-46,0.0,1.503703438606849E-46,0.0,5.133572799830511E-48,0.0,21.0,4.0,null,null,0.0,1.1804544720211715E-45,4.624710290243438E-46,0.0,5.400337264279354E-46,0.0,1.1091534353883628E-45,0.0,0.0,2.1475351374949186E-46,0.0,1.215717226975244E-46,0.0,1.2544112331441657,29.0,7.435484787711123E-46,0.0,7.294259622358253E-46,0.0,4.495920389278706E-46,0.0,7.953238354720726E-46,0.0,9.467646378516429E-46,0.0,1.3529970450531318E-45,0.0,0.0,8.655356671560506E-46,0.0,1.2111987819609197E-45,0.0,911.0,1284.0,5.270835084668744E-46,0.0,21.0,32.0,null,null,val7,val0,val22,val0,val0,val0,val0,val0,val0,val0,val1,val18,val5,val0,val0,val0,val14,val0,val5,val5,1,0
00000000-0000-002a-0000-000000000000,00000000-0000-0000-0000-00000000002a,1246312797277,789.0,1041.0,null,null,1.0291947709178426E-45,0.0,3.3977398852750478E-46,0.0,-4.0,1.1780898999528666E-45,0.0,0.0,1.1381420470533798E-45,0.0,1.045195401333415E-45,0.0,2.4688927724368037E-46,0.0,6.349903482182911E-46,8.006622418660707E-46,0.0,9.81237250936973E-46,0.0,0.0,2.1503861869862107E-46,0.0,37.0,0.0,0.0,3.1676603929590003E-46,0.0,3.177137756500601E-46,0.0,0.0,6.721598624465148E-46,0.0,0.0,9.373647474656184E-47,0.0,2.7271560507612183E-46,0.0,0.0,null,0.0,6.81498947965156E-46,0.0,0.0,50.0,0.0,1.2149516547650166E-45,0.0,1.0492137235072363E-45,0.0,7.320697791769757E-46,0.0,21.0,4.0,null,null,0.0,4.537893142484882E-46,2.5396035501301955E-45,0.0,9.429628563756398E-48,0.0,2.778815752926489E-49,0.0,0.0,4.964279986107374E-46,0.0,3.985674214332744E-47,0.0,5.480745625365499E-46,0.0,7.046951684148717E-46,0.0,8.25076942500352E-46,0.0,2.3552960516106568E-46,0.0,8.38412324481779E-46,0.0,1.3734573011696456E-45,0.0,1.2830508368394188E-45,0.0,0.0,4.641079476273476E-46,0.0,6.081035239728473E-46,0.0,849.0,1076.0,5.012525277805286E-46,0.0,21.0,148.0,null,null,val3,val1,val10,val0,val0,val0,val0,val0,val0,val0,val1,val1,val2,val0,val0,val0,val6,val0,val3,val4,4,0
00000000-0000-002b-0000-000000000000,00000000-0000-0000-0000-00000000002b,1246312805703,545.0,1025.0,null,null,1.2268803953497665E-45,1.0,1.0345474186495706E-45,0.0,-4.0,1.1383034710364471E-45,0.0,0.0,1.4313456109006015E-46,0.0,1.2243741277796233E-45,0.0,9.152340415930182E-46,0.0,6.3678743318740405E-46,1.0892842014019296E-45,2.0,3.3444044887280047E-46,0.0,2.0,1.0669864699321644E-45,0.0,32.0,0.0,0.0,1.0389862733453185E-45,0.0,6.618188273626486E-46,0.0,0.0,3.205774828056564E-46,0.0,0.0,2.623113324756441E-46,0.0,1.1910170122267117E-45,0.0,0.0,null,1.0,3.552107473636761E-46,0.0,0.0,50.0,0.0,1.0792429071179857E-45,0.0,8.77810676164404E-46,0.0,7.719415092769124E-46,0.0,20.0,4.0,null,null,0.0,4.679343603181681E-46,9.332487904331716E-47,0.0,8.107067045253182E-46,0.0,9.940881240352074E-46,0.0,0.0,8.188521715155392E-46,0.0,6.3691578607814515E-46,0.0,1.6432564007492935E-48,0.0,1.1433998380733021E-45,0.0,1.040835889515847E-45,0.0,9.636961795811408E-46,0.0,3.368451356430572E-46,0.0,4.439084131541312E-46,0.0,8.202391885532603E-47,0.0,0.0,1.7471384317902396E-46,0.0,9.157881874326762E-46,0.0,768.0,1026.0,2.0151064991845995E-19,10.0,23.0,263.0,null,null,val3,val1,val0,val0,val5,val0,val0,val0,val0,val0,val1,val5,val16,val0,val0,val1,val10,val0,val12,val12,3,0
00000000-0000-002c-0000-000000000000,00000000-0000-0000-0000-00000000002c,1246312806872,729.0,1024.0,null,null,1.0100515581671192E-45,0.0,9.319170167477337E-47,0.0,-5.0,3.0305814168159006E-46,0.0,0.0,3.4562630808701014E-46,0.0,7.432675938978249E-47,0.0,4.4185816311648675E-46,0.0,1.3963253221693206E-45,8.818461533596512E-48,0.0,6.338432654905944E-46,0.0,0.0,1.0151056693288811E-45,0.0,39.0,0.0,0.0,1.5224174045554469E-46,0.0,2.639099880359856E-46,0.0,0.0,3.3674055834819434E-46,0.0,0.0,3.0590361583784795E-46,0.0,1.2130574119336583E-45,0.0,0.0,null,0.0,4.233529002356705E-46,0.0,0.0,54.0,0.0,5.119474311095102E-46,0.0,8.456020518859531E-46,0.0,3.966442068434215E-47,0.0,23.0,4.0,null,null,0.0,8.806994255384613E-46,8.471425934236118E-46,0.0,1.1184518555916653E-45,0.0,9.613195664378051E-46,0.0,0.0,6.5602153912328584E-46,0.0,4.353824129846211E-46,0.0,1.482001409376427E-46,0.0,7.636958180308076E-46,0.0,2.067340106442487E-46,0.0,1.4986398060523399E-47,0.0,5.853240901031629E-46,0.0,2.799252320790711E-46,0.0,9.684300918282995E-46,0.0,0.0,1.1859424768945272E-45,0.0,1.1971707006254316E-45,0.0,769.0,1029.0,9.86960787163724E-46,0.0,22.0,3.0,null,null,val3,val1,val9,val0,val0,val0,val0,val0,val0,val0,val1,val9,val4,val0,val0,val0,val6,val5,val6,val6,5,1
00000000-0000-002d-0000-000000000000,00000000-0000-0000-0000-00000000002d,1246312813094,770.0,1280.0,null,null,6.792374631390338E-46,0.0,1.0351107060990424E-45,0.0,-4.0,2.8250600721830113E-46,0.0,0.0,3.5224833405283754E-46,0.0,1.3406741201051726E-46,0.0,2.747241570779654E-46,0.0,7.890890672393371E-46,1.8796861286256524E-46,0.0,1.3063739561679793E-45,0.0,0.0,9.329655362803264E-46,0.0,32.0,0.0,0.0,1.2102159698025864E-45,0.0,1.3718916612624995E-46,0.0,0.0,2.2240201721791054E-46,0.0,0.0,1.3406128114939625E-45,0.0,7.094167861390537E-46,0.0,0.0,null,0.0,1.0373771255034125E-45,0.0,0.0,49.0,0.0,1.364228697838763E-45,0.0,7.272197363289414E-46,0.0,8.306625490874093E-46,0.0,22.0,4.0,null,null,0.0,6.6980863607812675E-46,1.0758980545554506E-45,0.0,8.492301643551509E-46,0.0,5.906545211148866E-46,0.0,0.0,3.33826593252114E-46,0.0,5.875220736427433E-46,0.0,6.469452726119259E-46,0.0,7.914920082955608E-46,0.0,4.960530192345107E-46,0.0,4.8510966159298536E-46,0.0,4.542850335489393E-46,0.0,1.173371137078162E-45,0.0,5.76944853443243E-46,0.0,0.0,2.0084593277990396E-46,0.0,1.1552194466164343E-45,0.0,780.0,1284.0,5.308576689205338E-46,0.0,23.0,1.0,null,null,val3,val1,val5,val0,val0,val0,val0,val0,val0,val0,val1,val1,val2,val0,val1,val1,val6,val0,val8,val3,2,0
00000000-0000-002e-0000-000000000000,00000000-0000-0000-0000-00000000002e,1246312823051,719.0,1025.0,null,null,4.707152548739077E-46,0.0,4.710728782991773E-46,0.0,-4.0,7.696252668412397E-46,0.0,0.0,4.9910732014546445E-46,0.0,6.555989666303523E-46,0.0,5.578287473848407E-47,0.0,1.395070825933316E-45,1.5272250372334984E-46,0.0,5.607327492271068E-46,0.0,0.0,1.5698307476106891E-46,0.0,35.0,0.0,0.0,1.199051678007128E-45,0.0,3.019880222773419E-48,0.0,0.0,1.3302623250308272E-45,0.0,0.0,5.2087413821746815E-46,0.0,1.1750436994700505E-45,0.0,0.0,null,0.0,5.654169240323241E-47,0.0,0.0,44.0,0.0,1.2536996441432833E-45,0.0,5.722812018200895E-46,0.0,1.3651278077878987E-46,0.0,22.0,4.0,null,null,0.0,9.205591424786506E-46,3.2095336158545945E-46,0.0,1.1417726385619532E-45,0.0,2.5844223573526183E-47,0.0,0.0,1.3504617251638137E-45,0.0,1.3295192868480811E-45,0.0,1.0371458690325217E-4,1.0,1.3147439127365466E-45,0.0,4.177005654640071E-46,0.0,5.1546694231658385E-46,0.0,1.3557110122062292E-45,0.0,2.4210957187158936E-46,0.0,1.0240950276622705E-45,0.0,0.0,9.093533213422492E-46,0.0,2.6054070688899845E-46,0.0,770.0,1030.0,1.0772241047012867E-45,0.0,22.0,27.0,null,null,val5,val1,val13,val0,val0,val0,val0,val0,val0,val0,val1,val16,val4,val0,val0,val0,val12,val0,val10,val15,1,0
00000000-0000-002f-0000-000000000000,00000000-0000-0000-0000-00000000002f,1246312823958,418.0,1024.0,null,null,9.894497013298247E-46,0.0,8.275949877050941E-46,0.0,-7.0,7.958595008506483E-46,0.0,0.0,8.595067408838837E-46,0.0,6.48385158227552E-46,0.0,1.3773611961075153E-45,0.0,3.2498037198679892E-46,1.0382889946288452E-45,0.0,6.605596556989975E-46,0.0,0.0,6.059722947793628E-46,0.0,38.0,0.0,0.0,1.0943915007621851E-45,0.0,2.9049605861447965E-46,0.0,0.0,1.333524609454748E-45,0.0,2.0,2.0133884444775882E-8,3.0,7.049371203257268E-46,0.0,0.0,null,0.0,1.3980467950513497E-45,0.0,0.0,53.0,0.0,8.361329286931813E-46,0.0,1.4027139864499066E-46,0.0,5.886472277456187E-46,0.0,20.0,4.0,null,null,0.0,3.0378753765140905E-46,1.469735758841447E-45,0.0,1.092408478782103E-45,0.0,9.246488763094965E-46,0.0,0.0,1.3944816842883935E-46,0.0,1.5408870204646757E-46,0.0,5.947445405284288E-46,0.0,5.660347320408989E-47,0.0,9.505094514872583E-46,0.0,1.0073076542942393E-45,0.0,1.2769327583546843E-45,0.0,9.155158409579178E-46,0.0,1.1046397717285207E-45,0.0,0.0,7.827950964079278E-46,0.0,8.606088139140366E-46,0.0,768.0,1025.0,1.211567030798615E-47,0.0,23.0,53.0,null,null,val3,val1,val6,val0,val0,val2,val0,val0,val0,val0,val1,val2,val2,val0,val1,val0,val6,val0,val14,val16,3,0
00000000-0000-0030-0000-000000000000,00000000-0000-0000-0000-000000000030,1246312828999,738.0,1024.0,null,null,8.50765872894446E-46,0.0,1.3495716791876024E-45,0.0,-4.0,1.3172933955873835E-45,0.0,0.0,1.3767522061480516E-45,0.0,1.3187255155660836E-45,0.0,2.5408694141760694E-46,0.0,1.2901903494242453E-45,5.202799916934215E-46,0.0,9.172360111037926E-46,0.0,0.0,5.119565173789036E-46,0.0,39.0,0.0,0.0,1.1358257149430269E-45,0.0,9.795198400287585E-46,0.0,0.0,9.653023939343265E-46,0.0,0.0,4.754105256118034E-46,0.0,4.101489595590901E-46,0.0,0.0,null,0.0,1.3598568155482994E-45,0.0,0.0,58.0,0.0,1.0651767657858695E-45,0.0,1.3502654544036277E-45,0.0,6.088662446944065E-46,0.0,22.0,4.0,null,null,0.0,1.587759524719527E-46,4.4397759566845075E-46,0.0,2.060679856238868E-46,0.0,1.3696884905016914E-46,0.0,0.0,8.845114528992856E-47,0.0,1.2646173517708937E-45,0.0,6.937242848296849E-46,0.0,6.933151927591113E-46,0.0,1.0714405690135128E-45,0.0,5.7459834621264075E-46,0.0,1.3111278058076749E-45,0.0,4.126402315036142E-46,0.0,6.201665489855923E-47,0.0,0.0,1.0574669639800698E-45,0.0,1.2075751750755604E-45,0.0,769.0,1024.0,1.375301117964989E-45,0.0,23.0,6.0,null,null,val3,val1,val17,val0,val0,val0,val0,val0,val0,val0,val1,val21,val3,val0,val0,val0,val6,val0,val15,val4,2,0
00000000-0000-0031-0000-000000000000,00000000-0000-0000-0000-000000000031,1246312837608,770.0,1280.0,null,null,1.2935573285948232E-45,0.0,8.975897570714366E-47,0.0,-5.0,1.9974283014934904E-46,0.0,0.0,1.207817155230307E-45,0.0,1.154779750156939E-45,0.0,1.2869910724113563E-45,0.0,6.349545601878793E-46,2.3158119753810327E-46,0.0,1.3720281562741719E-45,0.0,0.0,4.5525289285918095E-46,0.0,22.0,0.0,0.0,1.0134868230427058E-45,0.0,2.947727192954609E-46,0.0,0.0,4.9581695870511575E-46,0.0,0.0,7.740874077837598E-46,0.0,2.7947833739926372E-46,0.0,0.0,null,0.0,8.024485292228881E-46,0.0,0.0,52.0,0.0,1.0868037834185807E-45,0.0,6.513958766197953E-46,0.0,2.262440546121439E-46,0.0,23.0,4.0,null,null,0.0,3.02355316448872E-46,2.7529017069765172E-45,0.0,8.450397591482739E-48,0.0,5.7769227350678925E-46,0.0,0.0,6.319759236061806E-46,0.0,1.0500347719554757E-45,0.0,3.3178406667018113E-46,0.0,2.7083877989146634E-46,0.0,1.3852457555964907E-45,0.0,4.51741480584052E-46,0.0,3.424204612906643E-46,0.0,1.3028935775383556E-45,0.0,1.3311268185150878E-45,0.0,0.0,8.148269675553877E-47,0.0,3.528538058807015E-46,0.0,787.0,1285.0,2.0775482342600172E-46,0.0,22.0,16.0,null,null,val0,val0,val13,val0,val0,val2,val0,val0,val0,val0,val1,val7,val2,val0,val0,val1,val7,val6,val16,val11,6,0
00000000-0000-0032-0000-000000000000,00000000-0000-0000-0000-000000000032,1246312847873,738.0,1024.0,null,null,1.0060906199131166E-45,0.0,1.1057086376088921E-45,0.0,-4.0,1.1643236545172133E-45,0.0,0.0,6.3496972330856344E-46,0.0,2.943129716186638E-46,0.0,9.229444389174967E-46,0.0,9.687019649650107E-46,7.113072807735519E-46,0.0,4.914974448820615E-46,0.0,0.0,3.1668976859619105E-46,0.0,39.0,0.0,0.0,9.18916636930235E-47,0.0,4.441542013682241E-46,0.0,0.0,1.0104393327238164E-45,0.0,0.0,8.396877531716072E-46,0.0,7.378602952486333E-46,0.0,0.0,null,0.0,2.0808260672506504E-46,0.0,0.0,46.0,0.0,1.1613078628011515E-45,0.0,8.601947628663176E-48,0.0,4.9975026383002685E-46,0.0,22.0,4.0,null,null,0.0,6.996189668582783E-46,1.3180093472226275E-46,0.0,1.1201451039162917E-45,0.0,1.2718387312556091E-46,0.0,0.0,5.63509946692071E-46,0.0,1.6292350043124459E-46,0.0,3.0833039254040407E-46,0.0,1.0570281256197925E-46,0.0,9.738426603358955E-46,0.0,9.491836209310727E-46,0.0,1.1219488560176856E-45,0.0,2.000335596885691E-46,0.0,6.5961907760091485E-46,0.0,0.0,1.0992911547925609E-45,0.0,4.795763121589292E-46,0.0,768.0,1030.0,1.0963436198325926E-45,0.0,23.0,3.0,null,null,val1,val0,val8,val0,val0,val0,val0,val0,val0,val0,val1,val6,val12,val0,val0,val0,val15,val0,val17,val17,5,0
00000000-0000-0033-0000-000000000000,00000000-0000-0000-0000-000000000033,1246312849984,738.0,1025.0,null,null,5.1933269558947165E-46,0.0,4.285940061980329E-47,0.0,-7.0,1.6266073906811008E-47,0.0,0.0,1.2248985027851946E-45,0.0,7.196850548119788E-46,0.0,1.2020634906201063E-45,0.0,2.571802621919797E-46,1.5923730921334481E-46,0.0,1.10563305123754E-45,0.0,0.0,5.7251541328784855E-46,0.0,32.0,0.0,0.0,1.319329282961924E-45,0.0,3.4773783362226314E-46,0.0,0.0,8.137280817736691E-46,0.0,0.0,3.591082235957308E-46,0.0,1.0329666682450386E-45,0.0,0.0,null,0.0,1.2550554998061026E-45,0.0,0.0,48.0,0.0,7.530400516185654E-46,0.0,4.504874442592477E-46,0.0,1.2739858280462985E-45,0.0,23.0,4.0,null,null,0.0,6.969828276715195E-46,1.965874003831157E-45,0.0,7.694767888492044E-46,0.0,7.367850709967883E-46,0.0,0.0,8.189931620064901E-47,0.0,3.9231042042746635E-49,0.0,1.4089064515987575,24.0,3.0168144698331957E-47,0.0,1.044824670400023E-45,0.0,9.760059834987547E-46,0.0,1.3911911627574034E-45,0.0,9.663552891877102E-46,0.0,8.44776631359166E-46,0.0,0.0,1.1297477846714615E-45,0.0,3.945102376865822E-46,0.0,770.0,1028.0,7.618823421519613E-46,0.0,23.0,35.0,null,null,val3,val1,val8,val0,val0,val0,val0,val0,val0,val0,val1,val5,val0,val0,val0,val1,val6,val0,val6,val6,3,0
00000000-0000-0034-0000-000000000000,00000000-0000-0000-0000-000000000034,1246312856730,741.0,1024.0,null,null,1.861932964560038E-46,0.0,2.4833663636038224E-46,0.0,-4.0,1.1687481572374703E-46,0.0,0.0,2.4170160641016818E-46,0.0,8.008031479110261E-47,0.0,3.665385981462662E-46,0.0,2.909327237136739E-46,6.2579601205496036E-46,0.0,4.813403950788747E-47,0.0,0.0,4.442961896327305E-46,0.0,21.0,0.0,0.0,8.481002866248045E-46,0.0,4.14453499348772E-46,0.0,0.0,5.9469754973736996E-46,0.0,0.0,0.0011126937746699466,3.0,6.293346071455584E-47,0.0,0.0,null,0.0,5.619840780245755E-48,0.0,0.0,59.0,0.0,1.0622130968351947E-45,0.0,1.1223996616362016E-45,0.0,8.957301315172479E-46,0.0,22.0,4.0,null,null,0.0,1.2145725930497197E-45,6.8351899218483006E-46,0.0,4.071235824126508E-46,0.0,6.7923633727943474E-46,0.0,0.0,2.9784268381516846E-46,0.0,9.738330324879344E-46,0.0,1.983491699049405E-4,8.0,1.1562511641844267E-45,0.0,1.2025068410181564E-45,0.0,7.980112070568147E-46,0.0,8.552898699838393E-46,0.0,4.747604515175644E-46,0.0,1.0960895650360145E-45,0.0,0.0,3.1076508515812056E-46,0.0,5.957319817691827E-46,0.0,769.0,1024.0,3.435622390194587E-46,0.0,23.0,38.0,null,null,val5,val1,val23,val1,val0,val0,val0,val0,val0,val0,val1,val6,val12,val0,val0,val2,val6,val0,val18,val18,3,1
00000000-0000-0035-0000-000000000000,00000000-0000-0000-0000-000000000035,1246312871375,390.0,218.0,null,null,1.328628917267281E-45,0.0,1.2272431892441907E-45,0.0,-7.0,1.0991069501396544E-45,0.0,0.0,1.2619522671970286E-46,0.0,3.655805361654543E-46,0.0,1.1596312513518308E-45,0.0,2.7166754587735163E-46,5.650537932053729E-46,0.0,9.078809048799943E-46,0.0,0.0,5.6873498206250954E-46,0.0,38.0,0.0,0.0,9.240962201509249E-46,0.0,2.1111458966546683E-46,0.0,0.0,7.396818390673555E-46,0.0,0.0,1.7898783839952868E-46,0.0,9.544124353748185E-46,0.0,0.0,null,0.0,1.0615524294685793E-45,0.0,0.0,44.0,0.0,1.1006974661393095E-45,0.0,4.698612829163655E-47,0.0,1.2080440489489465E-45,0.0,23.0,4.0,null,null,0.0,5.194774923399694E-46,8.246071142344255E-46,0.0,9.530679255124474E-46,0.0,1.2708476655004568E-45,0.0,0.0,5.077082335052962E-47,0.0,8.841143077334485E-46,0.0,1.3615832599050246,3.0,7.424851620794081E-46,0.0,3.568627818842198E-46,0.0,5.731743486389675E-47,0.0,4.97505220323647E-47,0.0,5.485839128258073E-46,0.0,1.048782324035544E-45,0.0,0.0,8.991363103444848E-46,0.0,1.0947315535097703E-45,0.0,664.0,1.0,6.784403636614955E-47,0.0,23.0,2.0,null,null,val7,val2,val22,val0,val0,val1,val0,val0,val0,val0,val1,val1,val0,val0,val0,val3,val6,val0,val5,val1,5,0
00000000-0000-0036-0000-000000000000,00000000-0000-0000-0000-000000000036,1246312875579,738.0,1024.0,null,null,2.5591220851853225E-46,0.0,2.151102274002501E-46,0.0,-4.0,4.04601468859764E-46,0.0,0.0,6.189749092708959E-46,0.0,8.479337626743473E-46,0.0,5.127947283088789E-46,0.0,1.060028866836249E-47,3.6836931059125625E-46,0.0,1.0359347062650988E-45,0.0,0.0,1.3138190181506534E-45,0.0,36.0,0.0,0.0,4.127757045617578E-46,0.0,1.0696711893437625E-45,0.0,0.0,2.651913046056117E-46,0.0,0.0,4.057009833114428E-46,0.0,1.0538964652019016E-45,0.0,0.0,null,0.0,6.269754820798604E-47,0.0,0.0,56.0,0.0,5.6468948512882914E-46,0.0,9.052351261196125E-46,0.0,1.2586809488724153E-45,0.0,22.0,4.0,null,null,0.0,9.459691958277216E-46,1.4044998996689795E-45,0.0,6.880993805157113E-46,0.0,1.0966460223946547E-45,0.0,0.0,6.815799658497858E-46,0.0,5.39562984358437E-46,0.0,1.3978010961279988E-45,0.0,7.25699980788625E-46,0.0,1.0116296723523552E-45,0.0,1.1917977697218098E-45,0.0,4.9173674323886104E-46,0.0,2.7630813935067128E-46,0.0,6.562598783961061E-46,0.0,0.0,1.2489332781729942E-45,0.0,1.3491138723464065E-45,0.0,769.0,1024.0,7.298112597681173E-46,0.0,22.0,1.0,null,null,val3,val1,val5,val0,val0,val0,val0,val0,val0,val0,val1,val7,val17,val0,val1,val0,val6,val0,val3,val3,6,0
00000000-0000-0037-0000-000000000000,00000000-0000-0000-0000-000000000037,1246312877046,933.0,1280.0,null,null,4.542143044558046E-46,0.0,1.1144162205124758E-45,0.0,-5.0,1.0278597239147665E-45,0.0,0.0,9.182325355964114E-46,0.0,1.868923797692419E-46,0.0,5.513840025746451E-46,0.0,3.9811048584837485E-47,1.1412331487765574E-45,0.0,5.843827047535734E-46,0.0,0.0,1.1842899129555672E-45,0.0,36.0,0.0,0.0,2.577080747193211E-46,0.0,1.2820927435507047E-47,0.0,0.0,1.0534487407943662E-45,0.0,0.0,6.0790490073605316E-46,0.0,1.3621733699799912E-45,0.0,0.0,null,0.0,1.1076163280546538E-45,0.0,0.0,58.0,0.0,5.800126209712523E-46,0.0,9.216192813332942E-46,0.0,4.947931558456453E-48,0.0,22.0,4.0,null,null,0.0,3.0134848675121637E-46,1.9297891862909152E-45,0.0,6.318545914297008E-46,0.0,1.2643364265851185E-45,0.0,0.0,8.973999182284245E-46,0.0,5.232567958639825E-46,0.0,0.23520898065592694,9.0,9.872604288987346E-46,0.0,1.0449907790672084E-45,0.0,1.0744859123308371E-45,0.0,5.270074210895566E-47,0.0,5.155926408581071E-46,0.0,2.967204551588998E-46,0.0,0.0,2.9877025443042935E-46,0.0,8.393792121869564E-46,0.0,925.0,1282.0,1.3911586451227457E-45,0.0,22.0,23.0,null,null,val5,val1,val0,val1,val0,val0,val0,val0,val0,val0,val1,val22,val14,val0,val0,val0,val6,val0,val6,val6,4,0
00000000-0000-0038-0000-000000000000,00000000-0000-0000-0000-000000000038,1246312878610,729.0,1025.0,null,null,3.765559882627853E-46,0.0,0.0036749827914070703,1.0,-7.0,7.684821351973324E-46,0.0,0.0,5.519593679732133E-47,0.0,8.202253335738794E-46,0.0,4.3332879981865925E-47,0.0,0.2030524030678792,0.23323445558311584,1.0,1.1592339548813521E-45,0.0,1.0,8.234422643417923E-46,0.0,18.0,0.0,0.0,9.787165721949066E-46,0.0,4.519870766808164E-46,0.0,0.0,1.3409450303744075E-45,0.0,0.0,7.137622212338325E-46,0.0,3.786711048084654E-46,0.0,0.0,null,0.0,8.995793283743993E-46,0.0,0.0,56.0,0.0,6.980832993451574E-46,0.0,1.2783554225823252E-45,0.0,6.8913743105022146E-46,0.0,22.0,4.0,null,null,0.0,1.3495073406142869E-45,1.915108371643481E-46,0.0,9.837180938239387E-46,0.0,1.176812697150321E-45,0.0,0.0,4.633354652718347E-46,0.0,6.56886829216306E-46,0.0,9.648194863572285E-46,0.0,5.378743590055288E-46,0.0,2.5753026938867457E-46,0.0,8.991738681628395E-46,0.0,3.4094454377889716E-46,0.0,2.7409247426881683E-46,0.0,2.894963608212207E-46,0.0,0.0,1.0605519457289752E-45,0.0,1.5579997424373046E-46,0.0,768.0,1024.0,5.295854855365161E-47,0.0,22.0,17.0,null,null,val7,val0,val22,val0,val6,val0,val0,val0,val0,val0,val1,val1,val2,val0,val0,val0,val6,val0,val5,val5,5,0
00000000-0000-0039-0000-000000000000,00000000-0000-0000-0000-000000000039,1246312879161,97.0,489.0,null,null,8.163334110085283E-47,0.0,2.7046144979841437E-46,0.0,-7.0,1.6818906815212594E-46,0.0,0.0,1.1126367615587105E-45,0.0,1.311525361734384E-46,0.0,1.140540812796971E-45,0.0,7.76727347120525E-46,1.4831618232757679E-46,0.0,3.8756029507535864E-46,0.0,0.0,7.895143127929939E-46,0.0,37.0,0.0,0.0,8.130668959424668E-46,0.0,4.756387524082784E-47,0.0,0.0,6.848970513847753E-46,0.0,0.0,2.9149737253916583E-46,0.0,1.28737295911449E-46,0.0,0.0,null,0.0,4.4794194885847686E-4,1.0,0.0,44.0,0.0,1.1789613241937333E-45,0.0,1.3647840215562768E-45,0.0,1.0232995313301599E-46,0.0,22.0,4.0,null,null,0.0,9.340436465723064E-46,8.013856517758163E-46,0.0,9.067392847132965E-46,0.0,6.441830125600302E-46,0.0,0.0,1.905497782373731E-46,0.0,2.546904379104306E-46,0.0,0.27061303463071323,19.0,3.4970727724363402E-46,0.0,1.3045007354337413E-45,0.0,1.123098061784739E-45,0.0,9.484535082128135E-46,0.0,1.2037271772794742E-46,0.0,2.1121879184765392E-46,0.0,0.0,8.881557116705196E-46,0.0,8.914783161396452E-46,0.0,252.0,405.0,1.0136482163032567E-45,0.0,22.0,40.0,null,null,val3,val1,val23,val1,val0,val1,val0,val1,val1,val0,val1,val23,val18,val0,val0,val0,val6,val2,val5,val5,6,1
00000000-0000-003a-0000-000000000000,00000000-0000-0000-0000-00000000003a,1246312882188,800.0,1217.0,null,null,1.3553145222333578E-45,0.0,1.2138471706973798E-45,0.0,10.0,4.9568662301223325E-46,0.0,0.0,4.177048402164967E-46,0.0,1.3308100454743546E-45,0.0,2.220865610193716E-46,0.0,3.6053858130444085E-47,6.768558712223763E-46,0.0,2.8482006279721973E-46,0.0,0.0,1.0042483798894833E-45,0.0,35.0,0.0,0.0,3.2467548916276227E-46,0.0,1.0442546579374005E-45,0.0,0.0,2.7016930239370855E-46,0.0,0.0,1.2225900089224431E-45,0.0,4.40927996274526E-46,0.0,0.0,null,0.0,1.864670845287075E-46,0.0,0.0,53.0,0.0,8.210578591162095E-46,0.0,8.052005063559852E-46,0.0,6.039813000300069E-46,0.0,22.0,4.0,null,null,0.0,9.179800915288037E-46,7.220253659891286E-46,0.0,4.226197831749225E-46,0.0,9.506218280033186E-46,0.0,0.0,1.263947676722006E-45,0.0,4.969858355096681E-46,0.0,1.1354763472468638E-45,0.0,7.73368719635937E-46,0.0,4.012301487140015E-46,0.0,2.838195773332519E-46,0.0,2.63217239586647E-46,0.0,6.356541237756612E-46,0.0,4.0691593874908945E-46,0.0,0.0,7.647051514151522E-46,0.0,5.279805508072391E-46,0.0,821.0,1095.0,1.2507640555368196E-45,0.0,22.0,5.0,null,null,val3,val1,val5,val0,val0,val1,val0,val1,val1,val0,val1,val12,val19,val2,val1,val0,val6,val2,val19,val16,3,0
00000000-0000-003b-0000-000000000000,00000000-0000-0000-0000-00000000003b,1246312882491,997.0,1280.0,null,null,3.5120438396758486E-19,3.0,1.2697787287265483E-45,0.0,-4.0,8.764088879116187E-46,0.0,0.0,6.099790685924558E-46,0.0,9.206665038046075E-46,0.0,1.1815405274160711E-45,0.0,4.535085617262983E-46,1.123208833559942E-46,0.0,1.201241229702442E-45,0.0,0.0,4.105058281414147E-46,0.0,32.0,0.0,0.0,7.868787507612279E-46,0.0,6.103286931563766E-46,0.0,0.0,1.0612044998411324E-45,0.0,0.0,9.10723420248143E-47,0.0,6.968319298254144E-46,0.0,0.0,null,0.0,6.383800608640529E-46,0.0,0.0,50.0,0.0,7.252090909752465E-46,0.0,8.342095564174354E-46,0.0,1.1384717302947394E-45,0.0,23.0,4.0,null,null,0.0,1.140391858402275E-45,6.041271826888848E-46,0.0,1.3884533749377187E-45,0.0,4.746603349727977E-46,0.0,0.0,4.746498895379893E-46,0.0,1.6111104349928312E-46,0.0,1.0898212975182338,22.0,1.1593143282715152E-45,0.0,1.1533557254696579E-45,0.0,8.336858566528432E-46,0.0,9.964538175969469E-46,0.0,8.623249405923253E-46,0.0,1.1767325450366173E-45,0.0,0.0,7.692592274875431E-46,0.0,5.824879629294186E-46,0.0,1004.0,1283.0,6.955289373737119E-46,0.0,23.0,95.0,null,null,val0,val0,val22,val0,val7,val0,val0,val0,val0,val0,val1,val18,val20,val0,val0,val0,val6,val0,val20,val19,6,0
00000000-0000-003c-0000-000000000000,00000000-0000-0000-0000-00000000003c,1246312883777,851.0,1440.0,null,null,8.90251369418562E-46,0.0,6.1700347633070474E-46,0.0,-7.0,7.387280358160099E-46,0.0,0.0,1.622544583714572E-46,0.0,4.887354868527907E-46,0.0,7.668848656753812E-46,0.0,1.0211330406644022E-45,5.511206924701822E-46,1.0,9.924833173627046E-46,0.0,1.0,2.373277569696025E-46,0.0,38.0,0.0,0.0,7.518257836912313E-47,0.0,1.363825551886196E-45,0.0,0.0,2.1243881928412596E-46,0.0,0.0,8.930091524994993E-46,0.0,1.1223257506152535E-45,0.0,0.0,null,0.0,4.455604846786335E-46,0.0,0.0,49.0,0.0,5.902018450473056E-46,0.0,6.8508730810632286E-46,0.0,9.213767579408711E-46,0.0,23.0,4.0,null,null,0.0,1.2544305700397712E-45,1.5703671965974783E-45,0.0,6.606942306321834E-46,0.0,6.800556415551931E-46,0.0,0.0,1.1101903810445487E-45,0.0,4.437789030417505E-47,0.0,5.764409502412081E-46,0.0,1.1812402902952513E-45,0.0,1.0989346189412537E-45,0.0,1.1167081660254788E-45,0.0,1.2399015372675699E-45,0.0,1.0181429010229175E-45,0.0,1.102470007854707E-45,0.0,0.0,1.0147523645249067E-45,0.0,1.1898783541281107E-45,0.0,899.0,1440.0,9.204398623909797E-46,0.0,22.0,294.0,null,null,val6,val1,val1,val0,val6,val2,val0,val0,val1,val0,val1,val3,val14,val0,val1,val0,val16,val0,val14,val16,2,0
00000000-0000-003d-0000-000000000000,00000000-0000-0000-0000-00000000003d,1246312888256,724.0,1407.0,null,null,7.401556567013445E-47,0.0,5.772658623573765E-46,0.0,-4.0,4.06103450891308E-46,0.0,0.0,2.582247441061455E-46,0.0,7.383766112695736E-46,0.0,1.7429717045174416E-46,0.0,7.81809013083087E-46,2.8014971488645836E-46,0.0,1.2161083007986267E-45,0.0,0.0,5.154691448426805E-46,0.0,37.0,0.0,0.0,1.381151328839897E-45,0.0,1.2778278905158512E-45,0.0,0.0,9.305142498547499E-46,0.0,0.0,1.130922218263583E-45,0.0,5.687786389156925E-46,0.0,0.0,null,0.0,7.129212737538841E-46,0.0,0.0,60.0,0.0,8.969994110646187E-46,0.0,2.6484838636464772E-46,0.0,1.1317570416788254E-45,0.0,22.0,4.0,null,null,0.0,1.2280617673587051E-45,1.895231061617949E-45,0.0,5.3532844329072E-46,0.0,1.1934724091864054E-45,0.0,0.0,6.4261532290366744E-46,0.0,6.339503458199491E-46,0.0,0.05918846515769413,11.0,1.3266021223879481E-46,0.0,1.1142214853690506E-45,0.0,8.310065530313065E-46,0.0,7.313688242810347E-46,0.0,9.428716069277854E-47,0.0,1.1314424337176621E-45,0.0,0.0,0.003288243564119434,2.0,7.550957087081808E-46,0.0,583.0,1332.0,1.3432939274749618E-45,0.0,22.0,50.0,null,null,val4,val0,val6,val0,val0,val0,val0,val0,val0,val2,val1,val18,val0,val0,val0,val0,val12,val0,val3,val4,6,0
00000000-0000-003e-0000-000000000000,00000000-0000-0000-0000-00000000003e,1246312894646,723.0,1025.0,null,null,4.602519461234334E-47,0.0,2.8438904643417164E-47,0.0,-4.0,2.534518365212383E-46,0.0,0.0,3.4936999652720417E-46,0.0,7.283758083661546E-46,0.0,4.582403703094838E-46,0.0,1.7910273592255587E-13,1.7054161356002296E-11,1.0,8.10884247176219E-46,0.0,1.0,7.266245761337544E-46,0.0,32.0,0.0,0.0,8.613841144571594E-46,0.0,5.947685475468616E-47,0.0,0.0,8.052647511852881E-46,0.0,0.0,6.3421698880592505E-46,0.0,9.089627858803187E-46,0.0,0.0,null,0.0,1.29652885181843E-18,6.0,0.0,47.0,1.0,0.016975128175300988,1.0,7.53198321356833E-46,0.0,3.716062868121447E-46,0.0,23.0,4.0,null,null,2.0,0.01571391620781775,3.649678435460979E-6,7.0,4.3613883200507446E-4,1.0,0.16571751887806507,6.0,5.0,7.814338350350819E-5,4.0,6.995663579357333E-46,0.0,0.006567239269352272,8.0,1.0934430507046642E-45,0.0,1.788117782309351E-47,0.0,3.4496080582799616E-46,0.0,1.1328594722483571E-46,0.0,3.114286596364896E-46,0.0,3.1850967169375225E-46,0.0,0.0,3.776387468906578E-46,0.0,4.8228128250857005E-46,0.0,768.0,1025.0,7.096451812783504E-46,0.0,22.0,125.0,null,null,val0,val0,val19,val0,val8,val0,val0,val0,val0,val0,val1,val18,val5,val0,val0,val0,val12,val0,val17,val17,2,1
00000000-0000-003f-0000-000000000000,00000000-0000-0000-0000-00000000003f,1246312908161,838.0,1440.0,null,null,3.857637051683848E-46,0.0,1.3226121065940107E-45,0.0,-7.0,9.192894220047803E-46,0.0,0.0,7.481390882400971E-46,0.0,1.1644891657683285E-45,0.0,2.9381912456736677E-46,0.0,1.132916783981335E-45,6.442373177141539E-47,0.0,1.3297363651244914E-45,0.0,0.0,1.919210150680629E-46,0.0,36.0,0.0,0.0,6.431470174070493E-47,0.0,1.3682678560252581E-45,0.0,0.0,7.668228489142185E-46,0.0,0.0,5.61139517021626E-47,0.0,1.1754974772112749E-45,0.0,0.0,null,0.0,1.6262518041831164E-47,0.0,0.0,50.0,0.0,3.75357378325977E-46,0.0,8.638128908380295E-46,0.0,5.2993381020957546E-46,0.0,23.0,4.0,null,null,0.0,4.7903637399581364E-46,6.508652151467462E-46,0.0,1.0736190035998682E-45,0.0,1.9119974624117027E-46,0.0,0.0,6.2547555158833175E-46,0.0,6.026698716802334E-46,0.0,1.6096526305459838E-46,0.0,1.7448159048883418E-47,0.0,5.1489331371727345E-46,0.0,6.691537919727065E-46,0.0,6.9920323724466126E-46,0.0,1.2919290132572306E-45,0.0,1.081440887910236E-46,0.0,0.0,5.86971464935487E-46,0.0,9.680516345421728E-46,0.0,815.0,1440.0,6.891775991986918E-46,0.0,23.0,1.0,null,null,val2,val3,val1,val0,val0,val0,val0,val0,val0,val0,val1,val16,val21,val3,val1,val0,val6,val0,val14,val3,4,0
00000000-0000-0040-0000-000000000000,00000000-0000-0000-0000-000000000040,1246312909051,747.0,1025.0,null,null,1.2365334176808206E-45,0.0,5.45985110161482E-46,0.0,-4.0,2.6970224570158085E-46,0.0,0.0,1.7559346339735092E-46,0.0,1.3613034804493865E-45,0.0,5.4236212479033836E-46,0.0,5.674023121899155E-46,4.067732072080392E-46,0.0,1.1114418165602165E-45,0.0,0.0,1.3978017731292262E-46,0.0,36.0,0.0,0.0,1.2913359838007896E-45,0.0,8.763079146663078E-48,0.0,0.0,1.0545065013400273E-45,0.0,0.0,1.2247556658208762E-45,0.0,6.125381283945025E-46,0.0,0.0,null,0.0,5.307469914596448E-46,0.0,0.0,54.0,0.0,1.148595612060103E-45,0.0,4.395361390658799E-46,0.0,7.540044865306848E-46,0.0,21.0,4.0,null,null,0.0,1.1643715644491083E-45,6.740229407568022E-46,0.0,4.492792695636482E-46,0.0,1.047723181454419E-45,0.0,0.0,3.2645244158543733E-46,0.0,0.8336767594916732,1.0,1.1475319058234545E-45,0.0,6.352037373016761E-47,0.0,9.30569932536683E-46,0.0,0.5454487304631589,1.0,5.445748386533889E-47,0.0,1.024943749592355E-45,0.0,6.212864113875166E-47,0.0,0.0,1.1417695931661857E-45,0.0,9.729600766683605E-46,0.0,768.0,1025.0,3.0642569011030714E-46,0.0,22.0,2.0,null,null,val5,val1,val6,val0,val9,val0,val0,val4,val1,val0,val1,val18,val5,val0,val0,val2,val6,val2,val12,val12,2,0
00000000-0000-0041-0000-000000000000,00000000-0000-0000-0000-000000000041,1246312913004,735.0,1280.0,null,null,1.3337422249480478E-45,0.0,4.327931521352771E-46,0.0,-7.0,1.255895379667149E-47,0.0,0.0,1.0967091850496398E-45,0.0,1.0212552166909052E-45,0.0,3.0517125148088242E-46,0.0,9.652388139474024E-46,5.4243693276631204E-46,0.0,6.150089385320757E-48,0.0,0.0,5.534679383999457E-47,0.0,34.0,0.0,0.0,1.0397246436496482E-45,0.0,1.2690935110716065E-45,0.0,0.0,4.819298008802516E-46,0.0,0.0,7.01032605535281E-46,0.0,5.02140101114067E-46,0.0,0.0,null,0.0,1.3594955522654096E-45,0.0,0.0,60.0,0.0,1.2674824831650487E-45,0.0,1.323449306678774E-45,0.0,1.1023038683773226E-45,0.0,22.0,4.0,null,null,0.0,3.11966140837421E-46,5.6261095042585404E-46,0.0,1.1780305684119408E-45,0.0,6.3891469037939014E-46,0.0,0.0,7.760073689528153E-46,0.0,2.5408832055734955E-46,0.0,0.7942023528945844,1.0,9.709999967106916E-46,0.0,1.189682037431879E-46,0.0,1.0653368383547946E-45,0.0,8.750603539294697E-47,0.0,1.569996453638653E-46,0.0,1.0473177530590773E-45,0.0,0.0,1.3430896446873442E-45,0.0,1.261245463487211E-45,0.0,770.0,1280.0,6.067231215615432E-46,0.0,23.0,7.0,null,null,val3,val1,val8,val0,val0,val0,val0,val0,val0,val0,val1,val1,val4,val0,val0,val0,val6,val0,val5,val5,4,1
00000000-0000-0042-0000-000000000000,00000000-0000-0000-0000-000000000042,1246312916297,770.0,1280.0,null,null,3.1218359314652954E-9,2.0,6.125129072969777E-46,0.0,-4.0,1.0439201924853037E-47,0.0,0.0,1.0011380030183923E-45,0.0,1.240328872573262E-45,0.0,1.192842856469548E-45,0.0,1.3776352418922919E-45,3.1702470232314616E-46,0.0,1.0883514222063122E-45,0.0,0.0,1.3095690374004428E-45,0.0,34.0,0.0,0.0,5.115208937342781E-47,0.0,4.0206890585457456E-46,0.0,0.0,9.15273833909676E-46,0.0,0.0,1.0067861398240972E-46,0.0,6.1853122071750876E-46,0.0,0.0,null,0.0,4.9772856165526295E-46,0.0,0.0,55.0,0.0,7.57213458964195E-46,0.0,1.1252926916352814E-4,1.0,4.534380935917676E-46,0.0,23.0,4.0,null,null,0.0,4.353457844757248E-46,1.7916131604227466E-45,0.0,1.1639857118122938E-45,0.0,7.807999163397103E-46,0.0,0.0,6.276794781899587E-46,0.0,3.4864012886373338E-46,0.0,1.4565649385448745,19.0,2.8673521870805777E-46,0.0,5.1683172228924674E-46,0.0,1.2109615215841988E-45,0.0,1.3173203947422207E-45,0.0,1.027736728539666E-45,0.0,3.034382123017643E-47,0.0,0.0,5.725913390284415E-46,0.0,6.9520230545336825E-46,0.0,786.0,1284.0,1.3535105071711787E-45,0.0,23.0,46.0,null,null,val3,val1,val13,val0,val0,val0,val0,val0,val0,val3,val1,val0,val0,val0,val0,val0,val6,val0,val0,val9,1,1
00000000-0000-0043-0000-000000000000,00000000-0000-0000-0000-000000000043,1246312923890,738.0,1025.0,null,null,3.656502662041151E-46,0.0,8.760795131328618E-46,0.0,-7.0,3.508725717293021E-46,0.0,0.0,1.6324413665322884E-46,0.0,1.3813949055384223E-45,0.0,4.242364082495848E-46,0.0,1.2041001820054498E-45,3.94669135353909E-46,0.0,1.0192624255508239E-46,0.0,0.0,1.742543232979545E-46,0.0,23.0,0.0,0.0,6.828214187234662E-46,0.0,1.1299079876227322E-45,0.0,0.0,2.5254632022364292E-46,0.0,0.0,1.2069146638868968E-46,0.0,1.1154888733821296E-45,0.0,0.0,null,0.0,6.769026685225073E-4,6.0,0.0,44.0,0.0,8.480960473535074E-46,0.0,7.673842300871493E-46,0.0,1.0527988282375142E-45,0.0,22.0,4.0,null,null,0.0,0.8388490540713416,1.6403399742704762E-45,0.0,0.24825472622820954,3.0,9.418837488651072E-46,0.0,5.0,3.4791376523418855E-46,0.0,6.0997826893556525E-46,0.0,5.0468515241806754E-46,0.0,2.345002135576102E-46,0.0,7.178648671454596E-47,0.0,1.3264516010679737E-45,0.0,3.036786842753855E-4,1.0,3.1357589289270875E-46,0.0,9.673969744496054E-46,0.0,0.0,1.2178764518610139E-45,0.0,2.2333691800151893E-46,0.0,768.0,1029.0,1.359666066550685E-45,0.0,23.0,32.0,null,null,val3,val1,val21,val0,val0,val0,val0,val0,val0,val0,val1,val23,val9,val0,val0,val0,val6,val7,val5,val5,3,0